review_id,dataset,market,platform,category,group_id,rating,human_label,title,text
51762,jd,domestic,JD.com,计算机,计算机,,negative,,包装是打开的 外包装条码被撕 掉 里面也有个条码被撕掉 但是机器没问题 看了评价 很多人 都是这样
28980,jd,domestic,JD.com,洗发水,洗发水,,positive,,之前买洗头膏老是买不到正品，第一次用沙宣，希望能带给我好心情。
6311,jd,domestic,JD.com,平板,平板,,positive,,从配置，价格，外观，手感各方面对比。这一款华为平板电脑都值得购买。
20037,jd,domestic,JD.com,水果,水果,,positive,,不错吧，有点酸，但品质还是可以。
52637,jd,domestic,JD.com,计算机,计算机,,negative,,自提时电池插口塑料及金属片有变形（外包完好）估计出厂时就是这样，给工作人员看说要找客服，自己调整了一下，将就用了。但触摸板上有小黑点
39886,jd,domestic,JD.com,衣服,衣服,,positive,,短袖还蛮耐脏，舒适好洗，很好
7736,jd,domestic,JD.com,平板,平板,,positive,,买来给儿子玩游戏的 速度快，大小合适，性价比高，孩子喜欢
50691,jd,domestic,JD.com,计算机,计算机,,positive,,发货速度快~华硕的笔记本质量还是挺好的~性价比不错~xp下的驱动还是很好装的~外形也还可以~
51720,jd,domestic,JD.com,计算机,计算机,,negative,,本机最大的缺点就是 “CPU散热不是铜片，偷工减料用的别的金属”就算安装了AMD的升级程序，CPU温度还是经常的在70度以上，时不常的还到85度，甚至89度，还是在没有开大型游戏的情况下，背部也较烫手
49269,jd,domestic,JD.com,计算机,计算机,,positive,,做工扎实 外观也是比较适合商务人士 这个价钱买到这样配置的商务机还是有很高性价比的
50760,jd,domestic,JD.com,计算机,计算机,,positive,,"性价比高,和其它牌子的电脑相比,大概相同的配置,会贵1000元左右"
18588,jd,domestic,JD.com,水果,水果,,positive,,恰逢平安夜当天送到，很大很脆很新鲜很喜欢，吃完再买。
35803,jd,domestic,JD.com,洗发水,洗发水,,negative,,广告欺诈 吹风机为什么不送
50722,jd,domestic,JD.com,计算机,计算机,,positive,,"屏幕是完美屏，但色彩稍差。手上没有3Dmark06,用01跑了一下分数为24761，SuperPI 100万位运算成绩27.291秒。音响的声音一般，但音量是足够的。键盘的键程还可以，但方向键是缩小的，打fifa类的游戏会很不爽。机器散热不错，掌托的温度不会影响操作。另外这款机器是有华硕LOGO的，在B面显示屏的下方，不过logo这里非常烫人，不知道为什么。"
42368,jd,domestic,JD.com,衣服,衣服,,positive,,裤子穿起来挺不错的，很修身合适，价位方面也很合理的。
18808,jd,domestic,JD.com,水果,水果,,positive,,苹果还是得选烟台，可口多汁无渣，值得推荐
13597,jd,domestic,JD.com,平板,平板,,negative,,京东自营给力 就是手机也不怎么样
14448,jd,domestic,JD.com,手机,手机,,positive,,我用过你们的手机还不错加油
14932,jd,domestic,JD.com,手机,手机,,positive,,"我刚开始是准备买白色的，后来听说好像容易按上手印，所以就用了个黑色的，越用越觉得黑色显的比较高档点一些哟。呵呵，功能方面嘛，可以手写的，发短信速度很快，看到别人按来按去的，偷笑一个，嘿嘿~~这手机拍的录象效果还不错,而且是有声视频，当然了录像长度与内存有关.录象效果还行吧，只是感觉稍微有点偏暗"
51148,jd,domestic,JD.com,计算机,计算机,,negative,,自带的Linix系统上上网还可以，想玩其他的功能毫无疑问得换XP.偶在京东订的时候为了装XP方便，一起买了阿帕奇的USB光驱。到货后，发现该USB光驱无法引导系统光盘启动，已验证过该光驱读写功能正常。
11483,jd,domestic,JD.com,平板,平板,,negative,,不好用，玩游戏卡得很，信号接差
42123,jd,domestic,JD.com,衣服,衣服,,positive,,宝贝不错，布料很好号码也很合适，穿着很舒服，物流也很快。好评好卖家，赞一个 发货迅速衣服收到物流非常给力，质量不错
39577,jd,domestic,JD.com,衣服,衣服,,positive,,很满意，面料摸着感觉很不错，穿着也舒服，物流很快。
15624,jd,domestic,JD.com,手机,手机,,negative,,电池质量不好，我才买半年，现在电池只用得到半天了，刚买时可以用2－3天，晕晕...
19526,jd,domestic,JD.com,水果,水果,,positive,,非常新鲜的水果，市场上没有见过那么新鲜的，还会再买
15578,jd,domestic,JD.com,手机,手机,,negative,,外观不够时尚，看上去不象一个两千多元的手机；而且也不够苗条。铃声偏小，在热闹的地方经常听不到来电声音，很耽误事！拍出的照片有些模糊！在电话薄里给联系人添加的信息太少，只有三个。机身无短信内存！使用USB数据线传输图片时，速度太慢！
51352,jd,domestic,JD.com,计算机,计算机,,negative,,发热量还是挺大，看在配置，同级别的inter配置下来最少5500+，忍了……
29011,jd,domestic,JD.com,洗发水,洗发水,,positive,,物流很快，质量不错，头发柔软。
45619,jd,domestic,JD.com,衣服,衣服,,negative,,忠心地感谢你，让我买到了梦寐以求的宝贝，太感谢了！
24292,jd,domestic,JD.com,水果,水果,,negative,,差评，苹果很生，而且有三四个是烂的，图片太骗人，再也不网购水果
4422,jd,domestic,JD.com,平板,平板,,positive,,小平板看电视剧真不错，非常棒，声音够大，哈哈
31764,jd,domestic,JD.com,洗发水,洗发水,,negative,,不太好用 用了有头皮屑
5390,jd,domestic,JD.com,平板,平板,,positive,,手机看着质感不错，运行速度快，价格比实体店便宜
16764,jd,domestic,JD.com,水果,水果,,positive,,这次苹果外表很好，无碰伤，京东小哥给力，一天就到了。味道Ok，比上次山东苹果好吃，一次买了好几种水果，京东?
47307,jd,domestic,JD.com,衣服,衣服,,negative,,质量不行啊，不值得买。
40284,jd,domestic,JD.com,衣服,衣服,,positive,,价格便宜，做工一般，版型可以！
52394,jd,domestic,JD.com,计算机,计算机,,negative,,新机器包装里面有股臭味，仔细闻了一下。是内胆包发出的，今晚拿到凉台透透气
16198,jd,domestic,JD.com,水果,水果,,positive,,足称，且包装完美！！！下次继续买京东生鲜～～老会员，一直京东购水果，已经很久没去超市，希望继续提供物美价兼的食物
13956,jd,domestic,JD.com,手机,手机,,positive,,滑盖十分流畅，显示屏够大！有自拍镜功能！支持JAVA。
13075,jd,domestic,JD.com,平板,平板,,negative,,完全被骗，妈的，拍的时候明明是在m3
51734,jd,domestic,JD.com,计算机,计算机,,negative,,z怎么发给我的又是白色的啊。不是说都是黑色的了么。郁闷。有点欺诈啊。。
5443,jd,domestic,JD.com,平板,平板,,positive,,看电视很流畅，小孩很喜欢，电池充满电，能看5.6个小时。
15576,jd,domestic,JD.com,手机,手机,,negative,,外壳容易划损，时间长了我的手机已经是“遍体鳞伤”了，电池两天就没有电，偶尔伴随有死机现象，短信经常发不出，电话号码簿太乱，没有排序！
43507,jd,domestic,JD.com,衣服,衣服,,positive,,收到了，款式不错，穿起来很舒服，面料也是不错的，大小合适，卖家服务周到，值得推荐
44621,jd,domestic,JD.com,衣服,衣服,,negative,,布质很差，粘毛的。不会再买
47055,jd,domestic,JD.com,衣服,衣服,,negative,,无语，衣服连码数都不对，买个L号的比XXL的还大，都到大腿下面了，建议大家还是谨慎购买
11456,jd,domestic,JD.com,平板,平板,,negative,,啥自营店，时而有赠品时而没有。退货还无比麻烦，算了没有就没有。但不可否认，内心不爽。。。。。购物过程不太满意
23549,jd,domestic,JD.com,水果,水果,,negative,,不要上当了，苹果又小又难吃，**京东，无良商家骗到钱为止没有一点良心
21405,jd,domestic,JD.com,水果,水果,,negative,,文字介绍和图片说的过了，实际情况很不好，苹果基本都是次品一个个歪瓜裂枣样。发货速度也很慢。就是服务态度和包装不错。还是不值得购买。
26880,jd,domestic,JD.com,洗发水,洗发水,,positive,,买的东西太多，打字累，京东的购物基本都是满意，送到老家县城的配送员还要加强管理！统一回复！黑会员用钱买，这个主意非常低级！可以鼓励多购物吗？
26163,jd,domestic,JD.com,水果,水果,,negative,,苹果好小，估计没有2kg吧 不好吃
16123,jd,domestic,JD.com,手机,手机,,negative,,打2小时就关机拉
20942,jd,domestic,JD.com,水果,水果,,positive,,本来想着京东的苹果肯定比水果店的要好，结果……，唉，只能说，秒杀的时候千万不要买，秒杀的时候千万不要买，秒杀的时候千万不要买。以上。
4565,jd,domestic,JD.com,平板,平板,,positive,,还不错，但是送来的时候包装都破了，屏幕比例看着有点不舒服，续航很满意！
3860,jd,domestic,JD.com,平板,平板,,positive,,说实话，非常喜欢，这个是送给客户的，之前送的苹果派的，但是不能拷文件，自从找到这款，物美价廉，经济实惠，很喜欢！！！买了好几个了
12471,jd,domestic,JD.com,平板,平板,,negative,,希望京东给个说法。说是3G系统？16G内存存储？总共才10GB存储，有图有真相。希望京东补充我损失。（内存卡）而且显示屏非常迷糊 暗
49127,jd,domestic,JD.com,计算机,计算机,,positive,,送给LP的，三星的外观做的很好，机器速度还不错，就是开机时候设置得花半个小时，比较慢需要等一会儿。另外电池很好，当时就是看了超长待机而毫不犹豫的买了。
14068,jd,domestic,JD.com,手机,手机,,positive,,功能齐全！拍照功能好！
16169,jd,domestic,JD.com,手机,手机,,negative,,电话本和短信息储存量太小，摄像头易磨损，机身容易弄脏；拍摄效果一般；屏幕文本显示效果一般； 手机的按键最不经用了，我已经在二个月里去经销商那里更换了三次手机了，现在这手机又不行了。拿到二手市场买了750元，哎。。。不信我的话，你就去买咯。
17919,jd,domestic,JD.com,水果,水果,,positive,,感觉挺好的，快递也快，没有坏的
51564,jd,domestic,JD.com,计算机,计算机,,negative,,同等配置下比别的贵不少，大品牌是要广告费的！光驱装得和有点凹陷，添装内存也有点麻烦，不过瑕不掩瑜！
14910,jd,domestic,JD.com,手机,手机,,positive,,1、LG W800是全球首款基于AMR9 CPU并且支持UniJa和JTWT业务的双模式手机，采用了一机双卡双号的设计，可自由切换于CDMA和GSM两个网络之间。为了更加方便用户的实际使用，还特意设定了便捷式网络转换按键。2、26万色的TFT显示屏幕，拥有2.2英寸的宽大显示面积，整体显示效果有所提高，可以带给用户更加出色的视觉效果。3、内置30万像素CCD摄像头，其辅助拍摄功能较为强大，支持4倍数码变焦、3张连拍、5秒定时自拍功能以及趣味性像框拍摄功能。4、W800首次应用由LG独家研发的72和弦铃声，更加具有震撼力和专业品质。5、和其它两款同样采用双模式设计的手机相比，93×48×22.9mm的体积使W800显得更加轻薄、小巧，具有质感。
38806,jd,domestic,JD.com,衣服,衣服,,positive,,还不错！这个价位算是物有所值了！
14506,jd,domestic,JD.com,手机,手机,,positive,,1.外观大气。2.主流配置。3.支持来电大头贴，不过得设置到群里，如果你想要单人的，可以单独把这个人自己占一个群。4.可外屏字拍（不过麻烦）。5.拍照可关闭快门音（手机声音关闭）。6.可设置热键（功能项）。7.可语音拨号。8.可语音操作（长按ok键，唤出语音功能）。9.可锁键盘（长按C键）。10.充电器奇轻，携带方便。11.支持红外传输。12.支持JAVA2.0。13.耳机，充电器插孔有护盖。14.扬声器外置，在摄像头左侧。15.长按通话键可直接在拨打号码前加IP。16.内存大7M。17.机身无天线。18.短信支持签名。
12355,jd,domestic,JD.com,平板,平板,,negative,,退了，不好用，视频有卡顿
12529,jd,domestic,JD.com,平板,平板,,negative,,屏幕不清晰，按键反应慢，顶多就是给孩子看个动画片。
44357,jd,domestic,JD.com,衣服,衣服,,negative,,快递真心慢 等了三天快四天了 而且码子不对
23783,jd,domestic,JD.com,水果,水果,,negative,,差差评！！！网购七八年来第一次给差评！发货之后水果20几天没寄到也不管不顾，完全要买家承拍货物没收到的后果（水果在路上寄了20来天还能吃吗？）。和卖家沟通完全就没回复！任你和他怎么说就是不理你！最后不得已投诉到京东和顺丰。气不过，花钱买气受！！！劝诫后来的买家小心从事，这家服务态度极差，网购碰到的极品卖家！！！！
15128,jd,domestic,JD.com,手机,手机,,negative,,个人认为本机还不如CX65来的好看。
14712,jd,domestic,JD.com,手机,手机,,positive,,1：内外双彩屏，表现力很强；2：铃声质量很好，很有穿透力；3：支持MJPEG格式的录像，效果不错；4：使用动态内存，支配比较自由
46869,jd,domestic,JD.com,衣服,衣服,,negative,,衣服的尺码与表上的尺码对不上号，L号袖长60根本就没有，我穿上以后衣袖短6公分，只有穿个外套才可以穿这件体恤，胸围还是可以的
17845,jd,domestic,JD.com,水果,水果,,positive,,不错，上图和送来的苹果有好大的差距，送来的苹果是过季的，苹果颜色暗淡无光，如介意的不购买。上图看是很新鲜。
28646,jd,domestic,JD.com,洗发水,洗发水,,positive,,与介绍的怎么不一样呢？为什么没有发膜呢？算了只要好用就行，用后追评。物流就不怎么给力呦。
15087,jd,domestic,JD.com,手机,手机,,negative,,外盒太软，一掉地上就变形，按键反应太慢，很不爽
48812,jd,domestic,JD.com,计算机,计算机,,positive,,投诉内容： 2009-5-22收到一张发票号码：02840189(上面写着订单号：4491950）金额为：8591元，但是实际上4月9号订单号：4491950 金额应该是：11808元，这样的财务水准是不是有点问题？？？？？？？？？？现在汇款（货款）金额与发票金额不符财务没用办法入账？？？？？？？？？？？？？
31043,jd,domestic,JD.com,洗发水,洗发水,,positive,,物流给力，昨天买的今天就收到了。还没有用，希望是不错了，用了再来评价。
15497,jd,domestic,JD.com,手机,手机,,negative,,在接听电话很少的情况下带机仅两三天，与他们宣称的250小时相差甚远。闹钟响铃你不关闭它一直持续响，真让人心烦！烦！烦！烦！烦！
22207,jd,domestic,JD.com,水果,水果,,negative,,特别小，还没橙子大呢，而且皱皱巴巴的，快递好几天才到，打开后几呼没有什么味道，不知道是坏了还是没成熟
52595,jd,domestic,JD.com,计算机,计算机,,negative,,装XP有点麻烦，还好我已经有了全新的方法，不用刷BIOS就能安装
48643,jd,domestic,JD.com,衣服,衣服,,negative,,一般般，没有像看到那样好，再加上摸上去料子很粗
17676,jd,domestic,JD.com,水果,水果,,positive,,苹果好吃，没有异味，快r递给力，包装很好，没有压坏的，
13182,jd,domestic,JD.com,平板,平板,,negative,,不是说16G吗，怎么我看我的存储量只有11.27，客服竟然要我恢复出厂设置，我买的是新啊。请给我个满意的答复。
16403,jd,domestic,JD.com,水果,水果,,positive,,可以每次买这种！每天吃一个吃完又买这个！早上下单寸下午到货！方便快递也好客户
51196,jd,domestic,JD.com,计算机,计算机,,negative,,屏幕分辨率小了点，尤其是1024*600的这个600，用一段时间会发现不方便。另外确实如很多人评价的一点，运行东西稍微多点，就卡。
33082,jd,domestic,JD.com,洗发水,洗发水,,negative,,差评！假货！！用完之后头发非常不好！！跟之前买的完全不一样，呵呵哒！再也不敢在京东买洗发水了 太假了！！！
31508,jd,domestic,JD.com,洗发水,洗发水,,negative,,洗了头掉得更多，不知是产品问题还是本人不适合
14152,jd,domestic,JD.com,手机,手机,,positive,,我的感觉比较符合我的需要，一是待机时间长，二是有FM能当收音机用，三是有英语字典，四是机身超薄，五是能拍照。
24439,jd,domestic,JD.com,水果,水果,,negative,,个头小，不如原来的好，对京东生鲜有点失望了
12071,jd,domestic,JD.com,平板,平板,,negative,,这个手机是我也用过最难用的，本想着在家当平板用，买了储存卡安上，没下载几个软件，也没照几张照片，就特别卡，特别的卡！早知道同样的钱就买别的了
20790,jd,domestic,JD.com,水果,水果,,positive,,还不错，，冰柜里念出来的，好凉快
15326,jd,domestic,JD.com,手机,手机,,negative,,不支持短信群发！无摄像头！不支持MP3播放！无手写笔功能！不支持JAVA！无彩信收发功能！无录音功能！原装配件中既无USB数据线，也无耳机！不支持声控拨号！不支持自动开关机！不支持来电防火墙！无红外和蓝牙接口！
17101,jd,domestic,JD.com,水果,水果,,positive,,质量不错，值得购买，下次还来的。
35790,jd,domestic,JD.com,洗发水,洗发水,,negative,,物流服务太差，第一次遇到这个，倒霉
33745,jd,domestic,JD.com,洗发水,洗发水,,negative,,说实话觉得一般般，之前用它的洗发膏还不错，想着发膜会不错，其实比较失望
35859,jd,domestic,JD.com,洗发水,洗发水,,negative,,洗完头很多头皮屑，怀疑买的假货
13923,jd,domestic,JD.com,手机,手机,,positive,,支持TV-OUT视频输出；屏幕面积很大；MP3功能出色，并且支持后台播放；拥有128M的内存。
50457,jd,domestic,JD.com,计算机,计算机,,positive,,绝对超高的性价比，完美屏，日常办公绝对够用，外观不错，带出去绝对被人误解高档机
10302,jd,domestic,JD.com,平板,平板,,negative,,京东标错价格让我们消费者买单，899买的，下定金之后变999，客服就只会在那重复几句话，定金不能退，而且不是当天到的，别找什么借口说你们物流压力大，那是你们的事，与我无关，后台一个多小时后才把价格改成999，也是够慢的，话说前段时间*标错价格就安标错价格出售了，差距啊，还有这个客服，简直了，一开始对我爱答不理的，发现是你们京东的问题才说话，十分差的一次购物，不过东西还可以，性价比不错
46462,jd,domestic,JD.com,衣服,衣服,,negative,,明明要29的，为什么给我33的。真是够够的
33761,jd,domestic,JD.com,洗发水,洗发水,,negative,,洗发水是正品的吗？洗了头发好痒，我跟别人一起买的，她们用了也说头痒，用别的洗发水就不会头痒。
20081,jd,domestic,JD.com,水果,水果,,positive,,苹果?非常新鲜，打开盒子时果子还是冰凉的。大小合适，一次吃一个刚刚好。这是三八节公司送给我们女士的礼物，很喜欢。
14216,jd,domestic,JD.com,手机,手机,,positive,,看看它的顶极配置，性价比很高。双26万色屏，顶极配置，颜色清晰，富有极强的层次感。支持SD扩展，无形中加大了内存和下载空间。MP3播放功能时尚；有声视频摄录加强了娱乐性；64和弦音质不错。
21851,jd,domestic,JD.com,水果,水果,,negative,,这苹果太小了吧，歪瓜裂枣的，以后肯定不会买，太差劲了
15361,jd,domestic,JD.com,手机,手机,,negative,,通话质量太差我用联通和移动的卡都试过了，所以E568可以说是个“花瓶”。让女友K了一通，唉...
26939,jd,domestic,JD.com,洗发水,洗发水,,positive,,嗯，东西很好，关注很久了，值得购买
8097,jd,domestic,JD.com,平板,平板,,positive,,还没用，不知道情况，不过京东的产品信得过，先给个好评。。。。。。
48545,jd,domestic,JD.com,衣服,衣服,,negative,,听我的就别买，套牌跟市场**差不多
13266,jd,domestic,JD.com,平板,平板,,negative,,作为京东金牌会员，第一次吐槽下。在产品宣传页以及在加入购物车后都显示有几项的赠品可以赠送，等到订单确认以及付款后，赠品项一个都没有了，都消失掉了。不得不说这个套路深的。虽然不是冲着赠品去的，也没多少钱，但是店铺的这种后台把赠品自动移除的做法令人反感。请各位消费者注意。
40690,jd,domestic,JD.com,衣服,衣服,,positive,,质量很好的，款式也不错，看起来高档大气
13742,jd,domestic,JD.com,平板,平板,,negative,,屏幕不是很清晰，触屏还可以，但是出厂没有贴膜，客服却说有的，纯属骗人嘛，还解释说对不起，有毛线用啊，有问题再说吧
27209,jd,domestic,JD.com,洗发水,洗发水,,positive,,很好。包装很好，东西也很好用
32013,jd,domestic,JD.com,洗发水,洗发水,,negative,,真是坑人 买了半个月了 昨天用的 不是一般的垃圾 不仅是假货 味道就跟汽油味一样难闻 只有扔了
35942,jd,domestic,JD.com,洗发水,洗发水,,negative,,不太像真品 用过之后第二天头发很痒 以前也用过这牌子没有这总情况 用其他的就不痒
21568,jd,domestic,JD.com,水果,水果,,negative,,不好吃，一点味道都没有？！！！！！！
27356,jd,domestic,JD.com,洗发水,洗发水,,positive,,包装不错，一直觉得清扬的味道好闻，送的那两瓶小的出差也特别方便！清扬还是不错滴！！！！
21423,jd,domestic,JD.com,水果,水果,,negative,,以后不再京东上买水果了，即使是做活动，也不便宜，而且说好的1.1kg，还没有900g的白心的大，我不知道够称不，不过眼观没有，个太小了，跟10块2个的差不多，真心不划算。
31343,jd,domestic,JD.com,洗发水,洗发水,,negative,,没之前再上面买的潘婷好用，不说顺滑，用了护发素也是不够柔顺
28762,jd,domestic,JD.com,洗发水,洗发水,,positive,,洗了还挺顺的吧，价格应该比超市便宜，买了就降价了，大约10元，客服给退了差价，京东这点还行，不过买东西得盯住了
49899,jd,domestic,JD.com,计算机,计算机,,positive,,外形自己比较喜欢，LED屏幕很爽16:9是未来趋势，不重比朋友的ASUS轻，当然最重就是GT130m ddr3显卡很不错NBA2k9 极品12 科林麦克雷拉力轻松解决！经过和朋友T5800的对比T4200性能稍微超过一点点 45nm很不错综合性能强！哈哈
28783,jd,domestic,JD.com,洗发水,洗发水,,positive,,不错哦，一直再用这个牌子，很舒服，去油
15314,jd,domestic,JD.com,手机,手机,,negative,,屏幕不怎么清楚，摄像头不支持夜拍，不支持红外和蓝牙！
7950,jd,domestic,JD.com,平板,平板,,positive,,终于在这款产品下成为了忠实花粉。太棒了，电池开机45，玩了一晚上，现在仍然有十几，不过没玩游戏。指纹解锁跟说明的一样快。最想说的一点就是网速太棒啦，刚租的房子，自己没有按WIFI，用邻居家的网，手机信号弱弱的，它都完美的不可想象。第一次有让我晒单的欲望，第一次评论这么多，希望有用??
11452,jd,domestic,JD.com,平板,平板,,negative,,不怎么样！质量太差
13964,jd,domestic,JD.com,手机,手机,,positive,,按键设计人性化（没用过只看过的人绝对会说我在吹牛，但是我用过3个小时后就迷上了，绝对比一般的按键好上手，除非你是手指用功能残缺才会有用不到的问题出现（我估计这个机会很低）），其实很多DX都只是凭感觉说话，这对某些事实会非常不公平声音无比伦比，绝对比N机的单声道优美，假如你还是觉得单声道好的化，我建议你有钱都不要买影响，就一辈子用你的N机听过世算了屏幕大：虽然屏幕的亮度是不强但是我有一个问题想问大家，你的N机的亮度是否永远都处于最高亮度的时候呢我相信用手机的人都不会，理由很简单，在白天就算你在最亮的时候，看颜色都绝对不是很清楚（彩屏手机得特点），在黑夜看手机得时候好像看灯泡一样，你会觉得舒服吗，假如有这种情况建议你有空去看一下医生！
36041,jd,domestic,JD.com,洗发水,洗发水,,negative,,这个商标都掉了，可能是二手货吧
50210,jd,domestic,JD.com,计算机,计算机,,positive,,屏幕很亮丽，非常悦目，各项指标都在购买前预料中，质量不错，外观也秉承HP的传统机型
4453,jd,domestic,JD.com,平板,平板,,positive,,速度快，音质不错，完游戏挺爽
31100,jd,domestic,JD.com,洗发水,洗发水,,positive,,一直用这个品牌，挺好的，包装都是自己的 logo
14821,jd,domestic,JD.com,手机,手机,,positive,,1.外壳采用银纳米涂层，具有抗菌功能，还能够阻绝电磁波。2.电池待机时间比较理想。3.屏幕面积较大，显示效果不错。4.拍照功能较强，效果也不错。
50335,jd,domestic,JD.com,计算机,计算机,,positive,,去自提点拿回来拆开一看，本本的体积很小，六芯的电池续航时间长，金属质感拉丝外壳做工和手感一流，键盘打字很顺畅、舒服，比一般本本好用，散热好，开得时间再长也不烫手，风扇声音很轻几乎听不到。屏幕很靓，很好看 ，电池很耐用，可以维持六小时，基本满足外出需求
16343,jd,domestic,JD.com,水果,水果,,positive,,吃了几个来评价，虽然个头不算大，但是我正好喜欢小一点的，一次吃完不会感觉吃的太腻歪，甜度可以了，不算很甜很甜，但是比超市一些贵的看上去还不错的苹果要好吃，脆度也不错，我不喜欢那种沙沙的老太婆苹果，我就喜欢脆的，咬起来比较清爽，这个还不错啦，20就有12个苹果，不算贵了，不过忘记称一下了，觉得价位应该还好吧，到时候算下，觉得太贵再来追评
42465,jd,domestic,JD.com,衣服,衣服,,positive,,挺好的，也便宜。。。。。。。。。。。
15246,jd,domestic,JD.com,手机,手机,,negative,,可是也有许多不方便的地方，例如：待机的时候 如果选择待机画面，就不会有时间的显示；还有每次开机时，编辑短消息还要在重新选T9拼音；还有不会进行分析编辑词的下一个字；
51143,jd,domestic,JD.com,计算机,计算机,,negative,,镜面很差，一不小心有划伤。也不知道联想天天看着，为什么不改。 另外，开机光驱响声大，好像这个系列都有类似问题，凑合了。 保修期只有1年，有点担心。
33274,jd,domestic,JD.com,洗发水,洗发水,,negative,,商品没有收到，怎么让别人而且不知道是谁拿走了，我没有听到过电话，别人拿东西走，你们干嘛不查一下手机号了，签名一看又不是我，我不是很冤枉啊，到底谁承担责任了？
6261,jd,domestic,JD.com,平板,平板,,positive,,好东西，值得拥有！
44304,jd,domestic,JD.com,衣服,衣服,,negative,,千万买 这根本就是货不对版 谁买谁后悔
26204,jd,domestic,JD.com,洗发水,洗发水,,positive,,总体感觉挺好的，价格虽然不知道和实体超市比怎么样，但是他送上门啊～又囤了一箱！可以喝好久了！
23662,jd,domestic,JD.com,水果,水果,,negative,,两箱总共6个，2个勉强能吃，再也不买了
7912,jd,domestic,JD.com,平板,平板,,positive,,是正品，用着不错，感觉还可以
8245,jd,domestic,JD.com,平板,平板,,positive,,产品收到了，给快递员10068个赞?，产品质量还不错我老公灰常喜欢?
51530,jd,domestic,JD.com,计算机,计算机,,negative,,键盘左上角稍微按下就严重下陷，唉，做工不敢恭维，跟我以前用的小黑键盘效果用天壤之别，难怪网上大家都不承认SL系列属于tinkpad
43973,jd,domestic,JD.com,衣服,衣服,,negative,,很少给差评的，做工太差好多线头！
15867,jd,domestic,JD.com,手机,手机,,negative,,不支持蓝牙功能。像素也偏低，4096色的屏幕，看上去太难看了.
40538,jd,domestic,JD.com,衣服,衣服,,positive,,给我男朋友买的，真的真的真的非常好看！跟图片一样无色差，虽然他还没穿！但是我觉得，等他瘦下来了，穿上去绝对帅，简直就是人见人爱花见花开，期待！准备再买一条！！！
5524,jd,domestic,JD.com,平板,平板,,positive,,闺女用的小米慢了，买了这个，还是不错的，速度快，手感也好
28549,jd,domestic,JD.com,洗发水,洗发水,,positive,,价格很公道，去头屑效果非常好，味道好闻
9157,jd,domestic,JD.com,平板,平板,,negative,,垃圾手机充满电半天都用不到待机一晚上都要用一半电谁买谁后悔
23523,jd,domestic,JD.com,水果,水果,,negative,,新鲜水果什么的下次还是算了，不会在京东买了。好坏看不到，到，也贵很多比市场上。。。很小很小的两个。。。
51698,jd,domestic,JD.com,计算机,计算机,,negative,,……风扇没运行什么东西的时候噪音都比较大……散热不太好……屏幕两边边漏光严重……送的鸡肋VISTA……重装XP不方便……镜面是指纹收集器……专用驱动难找……亮点不超过三个不包（商家厂家都不管）……
50844,jd,domestic,JD.com,计算机,计算机,,negative,,送来就是坏的，点不亮，也怪我粗心没试就刷卡收货了。搞得我还要自己去话说维修点检测，然后才给换，折腾到现在机器还没用上。在下单的时候有个选项，是否让京东代为试机，点一下就可以了。京东质检部门应该注意一下
47787,jd,domestic,JD.com,衣服,衣服,,negative,,裤子第一次穿就绽开了
13941,jd,domestic,JD.com,手机,手机,,positive,,出色的影像效果、无懈可击的视觉享受、超卓的媒体播放效果
23444,jd,domestic,JD.com,水果,水果,,negative,,没什么好说的看图吧，18号买的要不是看到预计送达时间是19号我真不会在网上买水果，结果今天才送到，然后收到的火龙果就是这样的?
14349,jd,domestic,JD.com,手机,手机,,positive,,"在金飞鸿买的,感觉还不错,音质也还行,后壳没有松动的感觉,很贴服."
50263,jd,domestic,JD.com,计算机,计算机,,positive,,本来没打算买笔记本的，看着这个价格不错，就买了一个。 总体上感觉还不错虽然是低端货，也比其它牌子的好些
49197,jd,domestic,JD.com,计算机,计算机,,positive,,原装是VISTA用的很不习惯！拿回家直接装回XP！ 官网下的驱动 不是集成打包！而是一个个下 有点麻烦！ 机器性价比还是很强的！这个配置这个价格 已经不错！这次的赠品很实用 散热垫+杀软 觉得非常超值～！
14641,jd,domestic,JD.com,手机,手机,,positive,,"外形精美,功能实用."
15713,jd,domestic,JD.com,手机,手机,,negative,,1、插笔的地方用不到百年就松动，已经丢了两只笔了2、运行速度慢，经常假死3、电池盖不久不久就变形，现在中间凸着4、中间层掉漆5、键盘是个鸡肋，根本没什么用处
50528,jd,domestic,JD.com,计算机,计算机,,positive,,昨天到手的 该有的都有 平时上上网用 5.1便宜了200块买的 满实惠的 不用和人讨价还价拉 就是京东颜色多点就好拉 等了很久都没出粉的 自带XP正版很好！
15380,jd,domestic,JD.com,手机,手机,,negative,,64和弦音质还可以，但调至最高音的时候，会出现失真，而且比较明显；同时，杂音也变得大起来。播放MP3音乐时，效果也很一般，效果还不如平常戴着耳机在网上听MP3的好！还有就是：不支持蓝牙！
44591,jd,domestic,JD.com,衣服,衣服,,negative,,垃圾中的战斗机！残次品！规格！劳保服各！谁买谁后悔！
40527,jd,domestic,JD.com,衣服,衣服,,positive,,尺码合适，修身款，质量不错，价格更是比外面的价格实惠多了，很好的卖家，下次有需要，还会来光顾的！
15068,jd,domestic,JD.com,手机,手机,,negative,,这机子的反应速度超慢的哦，彩信必须要30KB以下才能收，也不支持MP3铃声，自带铃声也不好听，时不时的还会死机，本来买的时候挺喜欢的，样子挺独特，红色白色搭配的，挺有个性，也不贵，但是用着实在是总出状况，让人头疼
23403,jd,domestic,JD.com,水果,水果,,negative,,口感确实是一般，小没关系，但吃起来像嚼蜡，家里人都不吃，放了两个月，下次不再买了
22013,jd,domestic,JD.com,水果,水果,,negative,,实在不怎么样？建议大家在当地买就可以了！不值得
51267,jd,domestic,JD.com,计算机,计算机,,negative,,"散热不均,触摸板的右侧热量大,很明显.无线网卡太奇怪了,就是不行."
52368,jd,domestic,JD.com,计算机,计算机,,negative,,vista系统不太习惯学习中，感觉键盘有的键比较松散轻轻一碰有点哗啦儿哗啦儿的响声，也可能太挑剔了，如果仔细听能听到散热口有噪音但还可以忍受。鼠标太差。
41353,jd,domestic,JD.com,衣服,衣服,,positive,,裤子穿着很舒服 很好看 我很喜欢
24010,jd,domestic,JD.com,水果,水果,,negative,,苹果太小 价格贵 非常不合算 不会在下单
15481,jd,domestic,JD.com,手机,手机,,negative,,短信没有彩信功能！无法群发短信！还有，电话薄十分不好用，不实用，没有办法分组和自定义！
16062,jd,domestic,JD.com,手机,手机,,negative,,"性能太一般,价格太高"
49297,jd,domestic,JD.com,计算机,计算机,,positive,,在可以返现的时候买到，总体来说速度也还可以，在这个价格上来说，很不错了。
14178,jd,domestic,JD.com,手机,手机,,positive,,"视觉与手感都好,挺喜欢的."
20803,jd,domestic,JD.com,水果,水果,,positive,,苹果爽，脆，甜。就是有点小，不错。快递小哥很给力！
29229,jd,domestic,JD.com,洗发水,洗发水,,positive,,套装挺全的，还有旅行装，方便不少，价格也不错，89还不错。
19021,jd,domestic,JD.com,水果,水果,,positive,,挺好的，没有坏的，京东自营送货快，服务好
31661,jd,domestic,JD.com,洗发水,洗发水,,negative,,真心没办法给好评！用后一个月了、每次洗完头皮都痒的要命！一直相信京东、看自营的才买的、开始打开包装也觉得量多实惠、但实际上效果太次了、没办法在楼下超市重新买的！
51705,jd,domestic,JD.com,计算机,计算机,,negative,,真服了快递了，开始发的圆通，后来又转到EMS，也没人告诉我，EMS送到后说，先签字后验货，我不签就不能验货！还说，你不签的话就把东西退回去！真是晕了！还有和参数上说的不符，没摄像头，好像蓝牙也没有吧？
49999,jd,domestic,JD.com,计算机,计算机,,positive,,造型不错，很精巧，咋一看像个上网本，就是厚了点。做工也可以。价格非常便宜
52065,jd,domestic,JD.com,计算机,计算机,,negative,,装xp系统很麻烦，驱动难找，不全，找到也难装，屏幕亮度不好调节。虚拟滚动没有装好。
15753,jd,domestic,JD.com,手机,手机,,negative,,信号差得要命。软件容易出问题。动不动就死。说不完。电池不好。
8701,jd,domestic,JD.com,平板,平板,,positive,,这平板比想象的好太多，音质好，外放上下都有，横屏正好在左右两侧。机身很薄。画面也无从挑剔，先前帮同事买了一个，这次特价迫不及待就又买来送自己。
39838,jd,domestic,JD.com,衣服,衣服,,positive,,店家态度棒棒哒，物流速度也是一流啊。宝贝收到了，给男票买的，他说料子很好，穿起来很舒服很好看。下次还来哦?
15852,jd,domestic,JD.com,手机,手机,,negative,,电池不耐用，经常死机
19515,jd,domestic,JD.com,水果,水果,,positive,,在京东买水果很方便，县城速度也很快，一天就到了，水果很新鲜，不错！
50082,jd,domestic,JD.com,计算机,计算机,,positive,,一收到就立刻开机，换装了XP SP3，使用将近十个小时后才进行收货确认。 散热不错，键盘使用起来比较顺手。 有外接显示屏的接口，SD插槽对我来说很有用。蓝牙驱动装好以后，我自己因为有购买蓝牙装置，所以比较实用。 开机就进行了出厂和驱动的备份，所以光驱用起来还行。一般的本本光驱都会有一些噪音和振动，算正常。没有坏点和亮点。自己下载网上的驱动后，用起来还蛮顺手。
6833,jd,domestic,JD.com,平板,平板,,positive,,配置还可以，一分价钱一分货，电池有点小，续航有点短。好评五星！
15219,jd,domestic,JD.com,手机,手机,,negative,,铃音太少了.电池不耐用.销售小姐夸口说待机时间可以达到4天，即使打打电话，发发短信也可以用2～3天弦根本没有40，导航键和电池都不行
50849,jd,domestic,JD.com,计算机,计算机,,negative,,硬件质量不行，老黑屏，现在硬盘都找不到了，刚好今天是签收的第七天！
51750,jd,domestic,JD.com,计算机,计算机,,negative,,电池待机时间太短了，机器用一会后，机身就发烫了，能送给鼠标就完美了。
14919,jd,domestic,JD.com,手机,手机,,positive,,1.外形不错。我喜欢直板机，估计看我这个帖子的朋友也都是这样；我的是全黑的，很酷；还有一款是橙色的，颜色比较跳跃些，不太适合我。2.配置很全。两电两充、立体声耳机、蓝牙耳机、两只手写笔、128M T-Flash卡（自己已经换成512M的了）、USB线、130万像素摄像头。3.按键设计比较合理。功能键、菜单键要较数字键低些，这样不会轻易碰到那些键从而导致目前菜单的退出。开关机键设计在机身侧面，而且顶部与机身平齐。4.座充居然带一个“小尾巴”，旅冲接上座冲给单块电池充电，座冲又有个外接旅冲接口，可以接手机充，就像旅充那样。但不能同时给电池、手机充电。5.侧面电源按键，在待机时（屏幕亮着）轻触，可以黑屏进入省电模式。6.可以播放mp3、mp4。7.磨砂表面，手感不错；屏幕密封比较好，1个多月了，还没看到里面有灰尘。8.声音大，免提声音更大。9.屏幕亮，显示细腻。可以比拟三星的屏幕了，真怀疑和三星有关系。10.语音拨号识别率较高。11.查找电话簿可以通过名字拼音首字母查。
17176,jd,domestic,JD.com,水果,水果,,positive,,京东购物方便快捷，东西实惠，客服服务态度超级好，简直一流，售后服务一流，处理速度快！东西性价比很高！便宜活动非常多！一些抵扣券很给力！大爱京东！希望京东越做越好！
30429,jd,domestic,JD.com,洗发水,洗发水,,positive,,滋源洗发水不错，我老用这牌子的评五分
15106,jd,domestic,JD.com,手机,手机,,negative,,1.体积较大； 2.不支持外部影音文件的播放； 3.电池待机时间一般。
49709,jd,domestic,JD.com,计算机,计算机,,positive,,性价比很高，对于银子不足的朋友是个很好的选择！但是京东客服的态度和服务意识还有待加强，实在是让人不敢恭维啊！还好我也不是天天和他们打交道了???
48223,jd,domestic,JD.com,衣服,衣服,,negative,,我买的时尚休闲黑色 发过来为什么裤子上会有白点点 这是黑色吗？搞笑
14366,jd,domestic,JD.com,手机,手机,,positive,,1.高硬度的塑料翻盖不仅具备较佳的耐磨性，对“脆弱”的触摸屏也起了很好的保护作用
28403,jd,domestic,JD.com,洗发水,洗发水,,positive,,第一次在网上买洗护用品，以前总怕是假货，所以一直杂在实体店买，但是我看了网上网友们的评价都挺好的?所以自己也买回来试用，但愿如网友们所说。还有就是货到付款和网上支付为什么不一样，货到付款还要付运费，真搞不懂，相差一两天的时间拿到钱， 就这么大区别吗？
14242,jd,domestic,JD.com,手机,手机,,positive,,大家都说了，俺在此就不多说了。
35490,jd,domestic,JD.com,洗发水,洗发水,,negative,,买完就降价，快递寄了半个月，京东太不靠谱了
17013,jd,domestic,JD.com,水果,水果,,positive,,这个华圣的苹果比超市的便宜，但是没有超市的大，不过也可以了，挺新鲜的！
39900,jd,domestic,JD.com,衣服,衣服,,positive,,一直在京东商城购物送货特别快。
7214,jd,domestic,JD.com,平板,平板,,positive,,手机外观可以，玩游戏时候会稍微有些卡顿。
40882,jd,domestic,JD.com,衣服,衣服,,positive,,货单打开一看吓人吖！一件30码、一件32码！原来是下错单了啦，大两码了这样一来让我怎么穿的好
19196,jd,domestic,JD.com,水果,水果,,positive,,发货快，送货快，很好吃，五星好评！
15966,jd,domestic,JD.com,手机,手机,,negative,,"一,是贵了点~.二,什么支持下载图片和铃声下载~到现在还不知道怎么下载的~~~~~~"
32919,jd,domestic,JD.com,洗发水,洗发水,,negative,,买贵了，现在*，洗了没什么顺滑和柔软的感觉，可能是吹的好吧！
30503,jd,domestic,JD.com,洗发水,洗发水,,positive,,买了好几次这个盒装了，比超市便宜还送到家，很好用
38848,jd,domestic,JD.com,衣服,衣服,,positive,,裤子很好，感觉和图片上是一样的，服务也很好。希望下次还能再次光临小店购买东西……
14669,jd,domestic,JD.com,手机,手机,,positive,,2.0的WAP。64和弦的铃音。待机时间还不错
21198,jd,domestic,JD.com,水果,水果,,negative,,到底是按个数还是重量？大小不一，大的每箱就一两个，按这个大小一点不便宜，上当，怀疑评价都是刷的。
15199,jd,domestic,JD.com,手机,手机,,negative,,"1，买的是中国移动定制的750，所以不知道应该叫他行货还是水货，反正可以在正规的维修点维修。但是原装的电池看起就不正宗，有点像水货。2，实在不喜欢移动定制的那些键 ，本来是发短信的快捷键变成了mo,上移动梦网的快捷键了。3，关机画面也是移动的，实在不喜欢，我想可以把他的文件名改了替换成我喜欢的图片，不过还没有试验。4，听音乐的时候如果有来电，铃声还是从手机里发出来的，音乐倒是中断了，但是我想应该在耳机里也能听得到铃声。5，介绍上讲可以把收音机作为闹钟，的确也可以，但是要将耳机插入，你想想看，我睡觉的时候怎么会把耳机一直放在耳朵里呢？6，如果放音乐的时候，你是用外放的，这时候你把耳机插入，然后按手机左侧的音乐按钮想关闭的话是无效的。反之也是一样。7，发短信的时候每次选字的时候都要用到遥杆，方是方便，但是肯定容易坏，不像有些网友说的还可以用数字健。"
41861,jd,domestic,JD.com,衣服,衣服,,positive,,裤子下午收到了，非常不错，很合身，客服解答很热情，下次还来
21204,jd,domestic,JD.com,水果,水果,,negative,,外表光鲜去皮后原形毕露。换货申请两天没回复。
14112,jd,domestic,JD.com,手机,手机,,positive,,色彩、形状、还可以
25538,jd,domestic,JD.com,水果,水果,,negative,,小！什么10斤，连包装都不一定有10斤！！要不是不方便出去买谁会在这买啊！垃圾 都别买！！！
5167,jd,domestic,JD.com,平板,平板,,positive,,给老妈买的，很喜欢，大气美观上档次
52373,jd,domestic,JD.com,计算机,计算机,,negative,,鼠标太难用了，华硕这点不厚道。笔记本包比较粗糙。因该加个蓝牙哦
23646,jd,domestic,JD.com,水果,水果,,negative,,价格和店里差不多，主要不是价格问题，是水果干瘪瘪的，破烂箱子兜来的，郁闷
10664,jd,domestic,JD.com,平板,平板,,negative,,草，屏保给错了，完全不对好不好，是不是骗人的？
16045,jd,domestic,JD.com,手机,手机,,negative,,"没有红外和蓝牙,没有关机闹钟。"
14751,jd,domestic,JD.com,手机,手机,,positive,,MP3转化铃声功能.价格实在。功能不少。
49088,jd,domestic,JD.com,计算机,计算机,,positive,,喜欢新颖的键盘。整机运行很平稳，噪音也很小。使用几个小时没有明显的发热感。
12077,jd,domestic,JD.com,平板,平板,,negative,,我买的时候明明前面显示赠送钢化膜的，结果什么都没送，客服MM让我费心自己买个贴上，这不是废话吗？京东还是屁事不少！以后华为的东西还是去官网买！！！！客服电话那么难接通，也是醉了。 果然店大欺客！！！失望！
44956,jd,domestic,JD.com,衣服,衣服,,negative,,让人气愤!商品介绍是秋冬加绒的，发货是夏天的。眼睛有问题吗？
17230,jd,domestic,JD.com,水果,水果,,positive,,这个苹果不错，味道挺甜的，买个小孩吃。
33808,jd,domestic,JD.com,洗发水,洗发水,,negative,,头发洗完之后特别油，一点都不清爽，应该不是正品，很失望。
14719,jd,domestic,JD.com,手机,手机,,positive,,不对称的键盘设计让人惊叹，阿尔卡特OT 557将3组功能键设计成了竖行的3列，而不像756那样设计成3行横列，而这样就成就了围绕五向导行键的不对称分布。很有时尚的风格，现在的手机玩的就是心动与个性，阿尔卡特OT557就将两者有机结合了起来。
15781,jd,domestic,JD.com,手机,手机,,negative,,掉漆速度快的惊人，反映速度慢的惊人，铃声通话声小的惊人，功能介绍夸张的惊人，柜台介绍的好处一无所有，我 上当上的哭不出来，浪费我宝贵时间在网上拼命找下载，其实下载区一片空白，总之就是惨惨惨！！！！！
14945,jd,domestic,JD.com,手机,手机,,positive,,这机子外边的透明窗设计的不错，不用翻盖看时间，对屏也是个保护，还省了一个屏，这样也省电不少，银子也一起省了，触摸屏感觉不错，总算不用按来按去发短信了，只是还没用熟，感觉错字多了点，铃声一般，内存小了点，能下游戏我很开心
27694,jd,domestic,JD.com,洗发水,洗发水,,positive,,非常好，一直信赖的品牌，这次还有赠品，赞赞！
15362,jd,domestic,JD.com,手机,手机,,negative,,触摸键太敏感.不好用.
51569,jd,domestic,JD.com,计算机,计算机,,negative,,对于只会用电脑，不懂电脑的人，简直就是挑战，幸好有懂行的朋友帮忙要不真搞不定：1、加装内存条太麻烦，须把键盘卸下；2、vista使用不习惯；3、光驱岗启动有异响，几秒钟后正常，不知是啥原因
7773,jd,domestic,JD.com,平板,平板,,positive,,发货速度很快，用起来不卡，非常好。
21281,jd,domestic,JD.com,水果,水果,,negative,,烂了，无语，装箱的时候不知道看的吗
22209,jd,domestic,JD.com,水果,水果,,negative,,买回来感觉不太熟，不甜，个头小，放两天就都烂了。
6675,jd,domestic,JD.com,平板,平板,,positive,,买的是荣耀畅玩2高配版，京东自营送货超级快。宝贝收到包装还可以，平板外观漂亮、做工精细，开机后系统运行快，唯一不足的是屏幕太镜面感了发光严重。整体而言还是物有所值。
12472,jd,domestic,JD.com,平板,平板,,negative,,黑边太大，处理器不太好，有些卡顿。重要的是觉得不值这个价啊，活动价买的。现在P8MAX才卖多少啊。应该千元以下
22385,jd,domestic,JD.com,水果,水果,,negative,,买了5kg，发了两箱货，目前只开了第一箱，里边共9个苹果，吃了5个有2个是烂的，不是外边烂，是从苹果核往外烂，差评~~
30986,jd,domestic,JD.com,洗发水,洗发水,,positive,,沙宣一直是我信赖的品牌，没有用过别的牌子
16204,jd,domestic,JD.com,水果,水果,,positive,,非常速度 很不错 看上去 希望好吃 下次再买
15828,jd,domestic,JD.com,手机,手机,,negative,,我买过d3100，用了不到三个月，就坏了一个电池，这都其次，关键是经常死机。更要命的是用到一年多的时候，出现自动关机，重新开机后，手机上的许多基本功能以无法启动。时间、日期、闹铃等均已失效，并将手机内存的近200各电话号码删除，同时手机失去记忆功能，不想再说了。
14507,jd,domestic,JD.com,手机,手机,,positive,,这款手机不仅拥有130万像素的摄像头，而且还配有TV连接线，可以轻松地在电视上浏览照片和A/V短片，这个功能在一般的主流手机上都是没有的哦，显得非常有特色，俨然一部数码万物，可玩性相当高；内置的触摸屏技术也让这款手机增色不少，使用舒适度一流，让我减少了使用输入法发短信的麻烦，只需屏幕手写即可完成
15355,jd,domestic,JD.com,手机,手机,,negative,,1、TF卡槽位置设计不合理：如果要更换TF卡，必须先关机、卸下后盖和电池才能更换，相对于那些采用机身侧面插卡甚至是支持热插拔的手机来说使用不是很方便。2、外盖黑色部分比较容易沾染指纹。3、外壳不大耐磨，尤其是后盖samsungmobile.com文字下方因为有弧线，这个部位比较容易被磨花，我的手机就是放在牛仔裤袋里（没有钥匙等坚硬物品），结果1周后这个部位就出现了比较明显的划痕。4、不支持电话本直接存储到TF卡。5、从三星网站上下载的相关软件易用性比较差，很多功能不知是做什么的，另外用USB连接线连接电脑的时候提示需要安装驱动，但是在网站上根本找不到相关驱动。
13883,jd,domestic,JD.com,手机,手机,,positive,,色彩较好！！待机尚可！与同价格机器比，优势明显！
18761,jd,domestic,JD.com,水果,水果,,positive,,昨天下午下的单，今天就收到了，首先对京东快递点赞，尝了一个口感好，爽口，对得起这价格，考虑到吃完再买
13903,jd,domestic,JD.com,手机,手机,,positive,,优点：1.屏幕是他的最大的优点也是他的卖点，26万色的TFT材质的屏幕，现实效果逼真，色彩饱满，亮度高，分辨率也是比较高的。240×320像素 这样就完全没有一般的手机看上去屏幕有颗粒感。完全可以满足你的视觉感受。2.摄像头也是他的一个比较好的方面，是110万像素的，还是CCD传感器，这样拍摄的效果更好，我曾经照片传到电脑上过，效果还是基本满意的。3.只能Windows CE系统和手机基本通话系统独立运行，PDA资源管理与手机通话可同时操作，这样就可以两不耽误了。另外是 基于266MHz双CPU的硬件支持 ，处理速度很快，看视频文件完全没有拖影和失真的感觉。画面相当流畅。4.手写的识别率很高。5.键盘输入、鼠标操作，数据存储更随心应手，可以真正实现掌上PC功能，与PC中Word/Excel/Power Point/outlook完全兼容，可以浏览 Word、Excel、PPT、PDF文件，可与PC快速互传资料 ，而且在手机上也可以设置缩放比例，这样就能弥补屏幕小的缺点了（和电脑比），这个对于在车上不方便用笔记本来说真实太好了，而且即使是黑天也不怕啊。（这个对于在每天在车上时间长的用户来说无疑是个学习的好机会）5.支持K-JAVA （我特别喜欢）
28444,jd,domestic,JD.com,洗发水,洗发水,,positive,,哟哟哟，好评，早上下的订单下午就到了。包装精美，还自带发票。主要就是超值。六件才不到一百。我是看了广告才来买的。我发质本来就不好，后期再追评?
15581,jd,domestic,JD.com,手机,手机,,negative,,不到一年就坏了.
18552,jd,domestic,JD.com,水果,水果,,positive,,刚收到物流超快没的说，拆进去没有烂的，就是苹果个头有好多没达到75mm.
45532,jd,domestic,JD.com,衣服,衣服,,negative,,差评，我定的是加绒的，到回来是单的
44840,jd,domestic,JD.com,衣服,衣服,,negative,,百世快递真是烂到家，，，，，，，
9562,jd,domestic,JD.com,平板,平板,,negative,,包装就放一纸箱子里，也不垫垫，毕竟小两千的东西呢，刚买来看视频就卡顿，动不动就出现剧情，这是正品吗？京东上体验最差的一次
31163,jd,domestic,JD.com,洗发水,洗发水,,positive,,套装收到了，挺满意的，刚打开盒子就一股香味，而且是好大的几瓶，日期也是新的，都到2020年的，就连赠的几瓶小的日期都是新的
49632,jd,domestic,JD.com,计算机,计算机,,positive,,性能 外观 品牌完全满足刚入学的大学生上网 学习 玩游戏等等的一切需求 价格也不比台式机贵 京东又给开发票 替人代买东西还是有发票能说清楚也更放心
49413,jd,domestic,JD.com,计算机,计算机,,positive,,音质不错，电池续航能力也可以，3dmax2001跑了14000多分不知道加内存以后会是什么样子。
7734,jd,domestic,JD.com,平板,平板,,positive,,背面鎏金，高端大气上档次，前面陶瓷白，低调奢华有内涵！
20899,jd,domestic,JD.com,水果,水果,,positive,,吃着吃着就看到里面坏掉的，不知道放了放了多久了，以后还是去水果店里买比较好，可以自己挑
30432,jd,domestic,JD.com,洗发水,洗发水,,positive,,早上下的单，下午就到了，京东的效率超过了顺风，包装很严实，拆开包装后和超市的是一样的，感谢京东提供性价比高的好产品！
14318,jd,domestic,JD.com,手机,手机,,positive,,"大家说的都认可,可是我发现我的手机的音质怎么在放有些歌的时候发出滋滋振的声音呀,各位的有吗,还有这款手机你们的串码在网上查询的时候能查到注册吗为什么我的查的时候提示说""此手机还未注册呀,你们试了吗请快说先谢谢!!!"
25386,jd,domestic,JD.com,水果,水果,,negative,,苹果很小，一点也不脆，很面，啦，机 也就3块钱一斤差不多
50027,jd,domestic,JD.com,计算机,计算机,,positive,,外观时尚，机器性能还不错，前排手触按?非常实用方便，伴有白色的指示灯，非常时尚！
26043,jd,domestic,JD.com,水果,水果,,negative,,包装很垃圾，标签直接贴在商品上，怎么送人
16817,jd,domestic,JD.com,水果,水果,,positive,,还行，不过派送不太满意，昨天下单时候，订单明明写的晚上八点到十点送到的，没送！
23883,jd,domestic,JD.com,水果,水果,,negative,,个头不大，味道凑合，质量没有问题
44965,jd,domestic,JD.com,衣服,衣服,,negative,,妈的，买小了退回去换都一个月多了还没有记回来给我，想退又退不了，***了，当买个教训吧，以后都不会买这个牌子的衣服，最不开心的一次购物，差评差评差评差评绝对的差评
47288,jd,domestic,JD.com,衣服,衣服,,negative,,商品描述的有问题，说背心里面加绒，都没有加绒，面料摸着太差了。
33828,jd,domestic,JD.com,洗发水,洗发水,,negative,,京东就是骗子，说双十一大优惠，实际是提高价格一倍，等双十一活动结束后，与搞活动的价格还是一样的。
4824,jd,domestic,JD.com,平板,平板,,positive,,一分钱一分货啊，有钱还是买个配置更好的！这个也物有所值！
39698,jd,domestic,JD.com,衣服,衣服,,positive,,我给我爸爸买了一条，穿上特别合身而且还很舒服，下回给爸爸买裤子还买这家的，店主信誉没的说，喜欢的宝宝们赶快拍下吧
40745,jd,domestic,JD.com,衣服,衣服,,positive,,大小还可以没尺寸偏差速度快京东小伙子给力
3956,jd,domestic,JD.com,平板,平板,,positive,,送给爸爸的礼物 用得还不错 手机也是华为的 配套容易学会操作
13235,jd,domestic,JD.com,平板,平板,,negative,,慢慢慢，不好用，分辨率低
30534,jd,domestic,JD.com,洗发水,洗发水,,positive,,宝贝已收到，还没用，闻气味和以前在实体店买的一样；还多了一瓶80ml的洗发露和一瓶80ml的精华素，谢谢店家；快递小哥也很给力，五分好评；就是外包装口在收到时开了个大口子，希望下次注意，总体还是挺满意的！都给五分好评吧
25431,jd,domestic,JD.com,水果,水果,,negative,,我就没有收到火龙果，怎么就让我评价晒单，往哪晒。火龙果在哪？谁签收的？希望能给我个合理的解释。一直在京东购物，这次太不愉快了。
35432,jd,domestic,JD.com,洗发水,洗发水,,negative,,买回来就是开的，都露出来了，这不是主要的，主要的是洗了头发打结，痒，我天天洗头，一洗了这个就痒，反正就是差。
32845,jd,domestic,JD.com,洗发水,洗发水,,negative,,这一套68，还没收到货，我就看见京东上别家活动价39。话说难道京东配送就会这么多吗？不理解。
49782,jd,domestic,JD.com,计算机,计算机,,positive,,在网上当的驱动程序，不过明显不如红旗的炫！不过自己不玩什么大游戏，只是看看片，上上网，足够用了！物有所值吧。不会装程序的同志们可以上网搜一下就能找到怎么安装了。不算麻烦。
26985,jd,domestic,JD.com,洗发水,洗发水,,positive,,包装很精致，东西也实惠。不过发现秒杀都多2毛钱，其实完全可以不用去凑618的热闹啊！
13018,jd,domestic,JD.com,平板,平板,,negative,,双十一时下的单体现为送皮套和钢化膜，到货后发现没有，客服告知需要在结算时另行领取，京东钻石会员第一次遇到这么奇葩的规定，只能差评了！商品使用后评价！
28662,jd,domestic,JD.com,洗发水,洗发水,,positive,,用了还不错，头发滋润顺滑。以前没有用过的可以试一下哦
33626,jd,domestic,JD.com,洗发水,洗发水,,negative,,有点失望，包装盒子好像是二次包装的，应该被打开过
52219,jd,domestic,JD.com,计算机,计算机,,negative,,装系统对新手来说太麻烦了，弄了两天，拥有新笔记本的喜悦都没有了！希望京东能有这方面的服务！
50054,jd,domestic,JD.com,计算机,计算机,,positive,,配置还行，价格还可以接受，不过降的有点快啊，买时4099，一天后成3999了。
16471,jd,domestic,JD.com,水果,水果,,positive,,大小正好，味道纯正，新鲜脆甜，下次再来。
22679,jd,domestic,JD.com,水果,水果,,negative,,包装差，苹果小，也不好吃很硬不脆，而且不值这个价钱和邮费，建议不要买这个垃圾苹果，这一分是给快递的
49959,jd,domestic,JD.com,计算机,计算机,,positive,,答应当初买电脑送包，可到消灾快一个月了，还没有送，准备退货了，不诚信，以后买东西必须东西全才可以付款
9710,jd,domestic,JD.com,平板,平板,,negative,,东西还不错就是京东快递员不行，态度不好
51454,jd,domestic,JD.com,计算机,计算机,,negative,,内存较小！驱动不是很全！声卡驱动安装需先安装KB888111补丁！才能安装！
21240,jd,domestic,JD.com,水果,水果,,negative,,京东快递送的没京东标识就算了，这水果前天中午买的昨天上午到的打开一看有一个坏的离谱（发霉了?）这苹果估计是打包好久了吧 还鲜品我都不想多说 这个都不知道放了多久了 这坏一点还是可以接受的问题是你这坏的腐烂了
8934,jd,domestic,JD.com,平板,平板,,negative,,"一般般,分辨率真的不敢恭维,好模糊!毕竟*多块钱真的买不到什么好货,打算年底还是换个IPAD算了"
15797,jd,domestic,JD.com,手机,手机,,negative,,居然不能下载铃声，发回来的短信全是乱码，而且我翻遍了手机说明书都没找到自编铃声在哪．....郁闷！鸡肋！０４年的日期也不对！明明是星期２却是星期１，其他还将就．
41944,jd,domestic,JD.com,衣服,衣服,,positive,,快递不发短信不打电话神马意思
47716,jd,domestic,JD.com,衣服,衣服,,negative,,一百五十的裤子！确实不值!掉颜色掉的那么厉害！有图有真相！
17090,jd,domestic,JD.com,水果,水果,,positive,,好好好好好好好好好好好好好好好好好
49064,jd,domestic,JD.com,计算机,计算机,,positive,,小巧啊！做工真的很pp，键盘也不错，敲击的感觉也挺好，我喜欢，明天找同学去重装系统，争取双系统，嘿嘿：）
9086,jd,domestic,JD.com,平板,平板,,negative,,刚买完就降价，心情不好。然后买的时候已经有心里准备，这个价格不可能分辨率，配置有多好但是也没想到这么差，屏幕很模糊，然后申请的发票也没有，也不让先验货总之，最后一次京东买此类产品了。本来想退货，怕麻烦……
51715,jd,domestic,JD.com,计算机,计算机,,negative,,我不太懂电脑，别人帮忙装的系统，听说比较难装，另外就是用一会，就很热了。电源也很容易发热
17278,jd,domestic,JD.com,水果,水果,,positive,,苹果小了点，但是味道还不错，挺甜的！！！
13943,jd,domestic,JD.com,手机,手机,,positive,,1.外观精美； 2.屏幕显示效果出色； 3.支持MMS 、GPRS、JAVA； 4.拍摄效果出色，支持短片拍摄，配备了多彩闪光灯。
52345,jd,domestic,JD.com,计算机,计算机,,negative,,好像比较霉。1、6月14日下单，16日付款，25日等不了上中通自提，送货近10天！2、不知是驱动问题还是机器问题，触摸板一旦打开就会老右击，LINUX及XP都一样。现在只能用鼠标。3、系统不是XP。
45669,jd,domestic,JD.com,衣服,衣服,,negative,,我还以为捡到便宜了，这衣服料子就跟外面地摊货没区别，网购牌子还是信不过
16146,jd,domestic,JD.com,手机,手机,,negative,,反应速度太慢，色彩不好，屏幕亮度不高，屏幕太小。声音太吵，玩游戏时不能取消声音，不能收发彩信！！
26647,jd,domestic,JD.com,洗发水,洗发水,,positive,,淡淡的香味，不错，足够一家子用好几个月了，信赖京东，家门口的超市。
49150,jd,domestic,JD.com,计算机,计算机,,positive,,做工不错，性能比想象中的要好，刚刚用，正在研究三星自带软件的功能。
7527,jd,domestic,JD.com,平板,平板,,positive,,什么都好。就是没耳塞和手机壳。套
13027,jd,domestic,JD.com,平板,平板,,negative,,只给一星，为什么？？什么都不送，我都可以理解！平板电脑上连个原装膜都不贴，这也太抠了吧！叫我怎么用？？还要去去贴膜！华为你的服务也太周到了吧！哪怕是一张高清膜，值几快钱啊！！！
18745,jd,domestic,JD.com,水果,水果,,positive,,苹果早就收到了，一直没有评价！苹果香翠甜。包装很好！没有一个损坏！大小基本相等还会光顾！赞一个
34021,jd,domestic,JD.com,洗发水,洗发水,,negative,,一点也不好用，第二天头发很痒，香味不对，明显不是真货
50306,jd,domestic,JD.com,计算机,计算机,,positive,,配置强大，外观漂亮，发货很快，第一天下单，第二天就到了，爽！！
40998,jd,domestic,JD.com,衣服,衣服,,positive,,质量不错，款式很好，老公很喜欢，穿起来很是好看 满意 赞
15061,jd,domestic,JD.com,手机,手机,,negative,,信号不好，有一段时间出现过死机和自动重启现象！不是和弦铃声，音质也不好，明显有杂音！内屏为单色！查找电话薄，也不方便，总是要翻页看！
10301,jd,domestic,JD.com,平板,平板,,negative,,平板很好，买来玩游戏的，很喜欢。但是赠的乐视的卡是假货吧，兑换码一刮就整个掉下来了，根本没有码，哪怕是说卡赠完了也好啊，本来就不是为了这个卡买的，但是发假货，京东没救了
51218,jd,domestic,JD.com,计算机,计算机,,negative,,赠送的系统慢就改装XP算了，内装的备份是用GHOST的就好了，应该再配一根USB电脑连接线就更理想了。
20241,jd,domestic,JD.com,水果,水果,,positive,,客服说过的话我们最好不要听，说过赔偿损失的结果给忽悠了
49344,jd,domestic,JD.com,计算机,计算机,,positive,,1.键盘及插口等操作界面很友好，感觉比我之前的asus F81系列要好 2.红白分明，颜色漂亮；我个人更喜欢金属条的logo，可惜这款是一个图案 3.红铜散热？我觉得是优点啊，效果不错，重要是保持机器内部的温度嘛 4.性价比高，T6400的双核。。。 5.随机的恢复盘里居然有xp驱动，虽然不全。。。京东的工作人员居然告诉我没有，到货前我一直担心受怕的，到处问人怎么搞
14521,jd,domestic,JD.com,手机,手机,,positive,,"外观很漂亮,手感也不错.功能齐全"
52646,jd,domestic,JD.com,计算机,计算机,,negative,,奇怪。。这款真奇怪。。明明装箱清单里有鼠标。抹镜布，打开箱子却没有。。。奇怪啊。应该说不会出现这类问题啊
46198,jd,domestic,JD.com,衣服,衣服,,negative,,我只想说伤心啊 不应该啊
16095,jd,domestic,JD.com,手机,手机,,negative,,1、电池总是莫名其妙的，有时是两个电，还没等用呢就变一个电了，等把手机放起来不用，又变成3个电了，所以我怀疑CECT手机的电压检测芯片不准，要不就是设计上不合理。2、触摸屏非常容易坏，我买回来才4个月就不好用了，我去售后修，售后就说修不了，就的返厂，而且还没有代用机。而且返厂还要等售后有时间。3、我真想支持一次国货，可是国货也太不给咱老百姓长脸了。在长春的手机售后中心，别家的手机售后门可罗雀，可是在CECT手机的售后得排队。我还有个朋友，用的也是CECT的，用了4个月都换了主板、触摸屏、电池等等。现在拿到手里就是“新机”了。
24790,jd,domestic,JD.com,水果,水果,,negative,,这哪是华圣苹果，太软了。没一点口感， 吃的还是去自己信得过的地方买吧。
52566,jd,domestic,JD.com,计算机,计算机,,negative,,屏幕有些失望，看久了头晕。 分量还是重了些。 风扇夜深人静的确挺响，看三星的评论都说很安静。
48466,jd,domestic,JD.com,衣服,衣服,,negative,,很难看、货和图差别很大
14429,jd,domestic,JD.com,手机,手机,,positive,,C916的风格我很喜欢，外形简单干净，没有过多的修饰，功能方面也比较实用，虽然没有摄像头，但是个人认为手机上的摄像头做的再好也没有数码相机效果好，呵呵，可能有点武断，但是专还是很重要的。价格定的比较合理，这也是我选它的原因
14101,jd,domestic,JD.com,手机,手机,,positive,,1，短信功能方便、输入法好用，短信回复报告不占机或卡的内存，机存短信200条，可以一次性删除，来短信铃声可以随意设置为任何一个铃声，总体来说，短信功能非常实用。2，时钟功能很好用，有4组关机闹钟，可以设置一次性闹或者每天闹，也有自动开关机功能，可以设置每天自动开机、关机的时间。3，摄像头虽然只是11万像素，但拍摄效果清晰，拍照时的取景是全景取景，有两倍变焦，而且带有补光灯，晚上去玩的时候也不怕没光线拍不好照片哟，而且有10个趣致相框，为数码相片的后期修饰提供了乐趣。4，外屏7色彩虹来电显示灯非常漂亮，使稳重的X88平添几分时尚。5，主屏分辨率高达132×176像素，显示图片清晰、色彩饱满，16和弦铃声的表现浑厚有力，穿透力好，属16和弦手机中的最高档音质，标配里已附送USB数据线、光盘，自己下载更新图片、铃声，管理电话簿、短信更方便。6，清晰的通话音质，响亮的免提通话，令你沟通更方便。7，商务功能一应俱全，500组名片式电话簿（还支持来电大头贴）、记事本、计算器、货币兑换等都有，而且还具备蓝牙、红外传输等先进功能。8，作为翻盖可拍照的手机，X88的体积和机身重量算是小巧类了。9，内存多达6M，存储图片、铃声、彩信更充裕。10，按键宽大，手感很好，整机做工优秀，尽显松下高端手机的良好形象。
51289,jd,domestic,JD.com,计算机,计算机,,negative,,与联想的Y450系列相比，价格有点偏高 应该送个XP驱动光盘，VISTA还是有点不方便
14823,jd,domestic,JD.com,手机,手机,,positive,,"玩了将近两周的treo了.写点心得.也算是给将要入手650的同好一点参考吧.首先是palm系统的稳定性.其实palm系统远不如还没买时想象的那么不稳定.至少系统给我的感觉是非常稳定.装软件之前先参考一下各大论坛的搜索结果.哪些软件是符合自己需要的.又是同类软件里最好的.那么这个软件出问题的可能性就很小了.自己不需要,用不着的软件了解一下就行了.别忙着装.然后就是操作了.适应了palm的操作基本上上手也很快.特别是安装梅花输入法以后.给我的感觉就是如鱼得水啊.终于在手机上打字基本上和用电脑键盘一样快.^_^.基本的软件.比如rescoview,和资源管理器软件.操作起来和pc没什么两样,甚至支持拖拽操作.实在是非常方便实用.还有recevie it给有蓝牙的朋友方便也很大.更别提影音播放软件了.ptones和mcpmp太优秀了.诸如此类不胜枚举.650装上这些软件以后才真正发挥了强大的实力.650相对于其他系统的手机最直观的感觉就是快.我没敢刷精简的rom.就已经很快了.甚至比我以前用的nokia非智能手机还要快.相比之下,N和S的一些赛班系统的手机那反应是太慢了.650的可玩性也高.喜欢摆弄软件折腾机器潜力的人来说正好.打造一个自己的个性650是个有趣又艰苦的过程.通过不停的装软件删软件来实现一个快速稳定高效的treo真的是一件蛮有成就感的事情.哈哈."
31471,jd,domestic,JD.com,洗发水,洗发水,,negative,,差评，洗发水漏出来大半。马上京东钻石会员了，在京东买过这么多东西最差的一次体验。能给负分吗？
42689,jd,domestic,JD.com,衣服,衣服,,positive,,外包破损，物流太慢，配送员态度恶劣，裤子还行
6631,jd,domestic,JD.com,平板,平板,,positive,,东西不错，快递也可以，刚收到捣鼓了下没啥问题，机器还是挺漂亮的，希望没有问题吧
42134,jd,domestic,JD.com,衣服,衣服,,positive,,衣服质量不错，老公穿了大赞，物流快，服务好，好评
46918,jd,domestic,JD.com,衣服,衣服,,negative,,质量不好 洗了5水 破了两条
43467,jd,domestic,JD.com,衣服,衣服,,positive,,尺码按客服建议的，正好的，然后颜色很好看，长度也正好不用截裤脚，弹性很大，穿上很舒服
15766,jd,domestic,JD.com,手机,手机,,negative,,内置的铃声不好听，没有红外线功能，内置游戏在键盘上不好操作，外壳比较粗糙，在日光下彩屏比较难看。
51149,jd,domestic,JD.com,计算机,计算机,,negative,,相对于2140，屏幕不是镜面屏，亮度会差一点， 音箱部分外观和网站图片有一定差别，HP MIni系列型号太多，有一种音箱部分是向外鼓起，金属网格状的，看图片的时候一直以为是那种，到了有点诧异，
29898,jd,domestic,JD.com,洗发水,洗发水,,positive,,套装很划算，日期也非常新鲜，小哥送货到家，态度很好！
15898,jd,domestic,JD.com,手机,手机,,negative,,"太多啦,不支持关机闹钟,没有数据线,铃声不好听,又不能下载,图片又垃圾,有个性图案和个性铃声没有数据线也是摆设,说软件升级后支持彩信,我买了一年多了还没有升到,有上当的感觉.还有,自动复制电话本,最近又自动挂机,好头疼啊"
50232,jd,domestic,JD.com,计算机,计算机,,positive,,设计非常人性化话，用着挺舒服的；送货特别快，一星期就到日喀则了！
52171,jd,domestic,JD.com,计算机,计算机,,negative,,1，价钱比移动给我价钱高了100元，这点很不好。 2，散热是有点问题，CPU cache 是小了点。不能运行很大的软件。 3，移动的TD资费咋没150/月的，难道我选100/月可以用15个月吗？
6039,jd,domestic,JD.com,平板,平板,,positive,,挺好，给婆婆买的，屏幕很大很好用。不错不错
4251,jd,domestic,JD.com,平板,平板,,positive,,快递速度没得说，平板看起来挺清楚 不错！还没有使用，使用后再追评
15238,jd,domestic,JD.com,手机,手机,,negative,,"虽然以拍照为主打,但实际效果让人失望,除了闪光灯外,并没有与K750拉开明显档次.与同级的三星M339,LGC950,夏普903SH相比,相片无论锐度还是还原度都要稍逊一筹."
30848,jd,domestic,JD.com,洗发水,洗发水,,positive,,第二次买这个牌子的洗发水了，感觉不错，618真的比我上次买的便宜呀
52166,jd,domestic,JD.com,计算机,计算机,,negative,,1、预装的是VISTA，换系统要折腾一番； 2、触摸板不好掌握； 3、
11641,jd,domestic,JD.com,平板,平板,,negative,,后盖有细碎划痕，商标角落明显多处小细纹，以此推论此机器可能是样品机或经他人多次试用
14487,jd,domestic,JD.com,手机,手机,,positive,,外观比较冷峻，功能也比较齐全，mp3\mp4\200万像素……mp4可以横屏哦~~~用的感觉还行吧
42556,jd,domestic,JD.com,衣服,衣服,,positive,,.觉得自己眼光还是不错的，很好看！
12366,jd,domestic,JD.com,平板,平板,,negative,,分辨率极差，承诺七天退货，十五天换货，要求换货时才说明白要同换等型号的！
21041,jd,domestic,JD.com,水果,水果,,positive,,仙美知名大品牌！产品水果质量非常好，很久以来都想买这个吃。就是太贵，希望京东商家多一些活动，再入手
44949,jd,domestic,JD.com,衣服,衣服,,negative,,裤子穿第一天就出现了洞，总的来说这条一次性裤子还是不错的，因为是在傍晚才出现的洞，起码熬过了一天。
46581,jd,domestic,JD.com,衣服,衣服,,negative,,垃圾，跟我看的不一样，还掉色
16281,jd,domestic,JD.com,水果,水果,,positive,,喜欢的要求太高冷不是我想要我想要我想要我想要我想要一个月才能他们说我们汤
18828,jd,domestic,JD.com,水果,水果,,positive,,奥马冰箱不错，和牛奶很搭配！！！！喜欢！！
47534,jd,domestic,JD.com,衣服,衣服,,negative,,希望大家不要来这家店买东西了 以免上当受骗 拍的是蓝色的裤子发来的是深蓝的裤子 找客服却有很多理由搪塞我 在网店上是图片都的假 希望大家不要在这买东西
12497,jd,domestic,JD.com,平板,平板,,negative,,刚买就降价一星是给快递小哥的。
47300,jd,domestic,JD.com,衣服,衣服,,negative,,骗子 劳资没有收到货！ 骗子
14927,jd,domestic,JD.com,手机,手机,,positive,,全屏手写功能，屏幕效果好，内置MP3播放功能，音质不错，支持外接存储卡，200万像素拍摄能力比较强、支持通信防火墙。
14033,jd,domestic,JD.com,手机,手机,,positive,,大板的机身给人尊贵的感觉。26万色的大屏幕更是有不同凡响的显示效果。功能多样，我最为满意的是它专业级的数码相机功能，它匹配有闪光灯，即使是在黑夜，也能比较清晰地拍出2米远的物品，而且有LED补光灯和自动测光功能，能更好地预防红眼现象的发生，夜晚也可以留下美丽瞬间了。更令人欢喜的是它还支持微距，可以自动对焦，甚至可以以0.1倍作为变焦单位推移，因而无论是拍摄短片还是照片的成像质量都有极佳的表现。
11051,jd,domestic,JD.com,平板,平板,,negative,,价格可以。包装好的手机为什么会有那么大的缺口，而且包装盒打开后手机保护壳就在手机上，能让我相信这是新机？？？送自拍杆和耳机就是为了弥补或者掩饰手机的缺陷，，，开机后系统升级失败，，，种种迹象表明我买的是二手机。。。。黑心商人。。。。
8094,jd,domestic,JD.com,平板,平板,,positive,,用了很不错，企业京东服务很给力，平板很好用。
41416,jd,domestic,JD.com,衣服,衣服,,positive,,邻居推荐的一款衣服，回来后果然很赞，穿上挺帅气滴，衣服质量也不错。
31240,jd,domestic,JD.com,洗发水,洗发水,,negative,,?随便放了一箱，结果压泵的嘴都压断了，差评，一星都不想给！！！
52024,jd,domestic,JD.com,计算机,计算机,,negative,,"硬盘声音太响了, 和以前的老光驱里读盘得声音差不多.开始以为是电脑的问题,查了一下,据说很多人都说这是整个本的通病,不影响使用 有点贵,相比同等配置的"
50290,jd,domestic,JD.com,计算机,计算机,,positive,,做工优秀，功能齐全，摄像头、指纹，一个都不能少，包非常好用，可以秒杀市场上300以下的包了，送的鼠标也很不错，和去年的比，有些不同，鼠标背有点高，手感很好，驱动盘没有xp驱动
25847,jd,domestic,JD.com,水果,水果,,negative,,这就是京东的水果， 自己看 。就差没有重量没有看了 我也不想看了 外观特么给坏了一样，本来打算老婆怀孕了给老婆吃的，看这样敢让老婆吃吗。京东第一次买水果 失望 以后还是去水果店买吧。差评 ，味道看追评。 我不匿名评论了 没意思，不乱评价 自己看图片 退货都懒得退货。
24775,jd,domestic,JD.com,水果,水果,,negative,,很酸，太差，随便在小商贩店买都比这个甜
50651,jd,domestic,JD.com,计算机,计算机,,positive,,性价比高，24号的时候还是两千七百六十六，现在降了近200，比较值
49313,jd,domestic,JD.com,计算机,计算机,,positive,,拿到手的时候不敢相信就那么点小盒子。呵呵。不过包装了两个盒子，还是比较保险的。只是外面的赠品都是用塑料包在一起的。机子打开，没有发现质量问题，坏点如期待的一样，千万不要也没有出现。整个机器完好。
21259,jd,domestic,JD.com,水果,水果,,negative,,一点都不好，很小个，有一箱苹果有三个烂了
50212,jd,domestic,JD.com,计算机,计算机,,positive,,性价比非常不错，能够满足日常的使用，独立显卡也足够平时用了
35810,jd,domestic,JD.com,洗发水,洗发水,,negative,,包装太简陋了，妈的什么都没有，打开箱子，洗发水直接是打开的！箱子里流的哪都是，都怀疑水货，一直以为京东比较正规，这次购物真闹心，气的我直接扔掉了，cao
50554,jd,domestic,JD.com,计算机,计算机,,positive,,散热最好，CUP跑了100%10分钟还是60度，历害，设计还是我最喜欢的铝合框架。
15702,jd,domestic,JD.com,手机,手机,,negative,,"铃声开到最大,顺风耳还是听不到!听MP3时就不用提了,太差劲了!"
28523,jd,domestic,JD.com,洗发水,洗发水,,positive,,真的很快，上午下单，下午就到了，实惠套装，好评。
32176,jd,domestic,JD.com,洗发水,洗发水,,negative,,洗发水太少，护发素太多，还没体验，不知是不行货
30139,jd,domestic,JD.com,洗发水,洗发水,,positive,,还没用过沙宣这个牌子的产品。很实惠的套装，够家里用上一段时间了给的赠品也不少。
17292,jd,domestic,JD.com,水果,水果,,positive,,苹果比市场卖的要好、新鲜，水份及甜味可以啦，又下单一箱。京东自营就是放心、快捷。
16508,jd,domestic,JD.com,水果,水果,,positive,,毫无疑问华圣苹果是国内?的品质代表了，贵的有道理。每天一苹果?，医生远离我！
49364,jd,domestic,JD.com,计算机,计算机,,positive,,很实用的机器，加内存时一看背后没有能开的小盖子，应该是在掌托下面，还是打了8009908888问了一下。拆开看了就会知道散热做的相当好，机器用料很到位，相当结实。
51087,jd,domestic,JD.com,计算机,计算机,,negative,,这款无指纹识别，也无人脸识别，京东资料上要改改了！ 还有摄像头要光线很好、距离远的情况下才正常 否则颜色超淡！ 运行VISTA超慢 改了XP就很棒了！
27595,jd,domestic,JD.com,洗发水,洗发水,,positive,,洗发水收到了，618买的，还是第二次购买了。会一直关注清扬洗发水的。
52712,jd,domestic,JD.com,计算机,计算机,,negative,,要是有XP的驱动就好了，为了找驱动足足用了5个小时，不过现在已经全部安装好了。
50903,jd,domestic,JD.com,计算机,计算机,,negative,,散热有待加强，不过12寸的好像基本都是这样的。。 vista的系统，用得很不习惯。。。
15759,jd,domestic,JD.com,手机,手机,,negative,,几乎没有什么功能，连基本的短信群发和MP3没有！
13039,jd,domestic,JD.com,平板,平板,,negative,,晚上买的第二天就降价了*元，联系客服态度很不耐烦的态度！！！2年前在京东买也碰到了同样的问题，客服非常耐心的给解决了，京东现在是怎么了？！！！
33690,jd,domestic,JD.com,洗发水,洗发水,,negative,,完全的假货，味道完全不一样，只有赠送的小瓶的味道才是对的。说什么升级全是假的。我洗了两年的沙宣从来不是这种味道。而且洗出来头发是很粗糙的还打结，以前在超市买的洗出来头发很顺滑很香。这个洗了头皮发痒，晚上睡觉头皮痒的根本睡不着。第二天起来满头的头皮屑头发还超级油。好评都是刷出来的吧，没想到京东自营的也卖假货真是呵呵了。要求退款但是用过的还要有检测报告才能退。真是醉了。大家最好不要被好评骗了。就当花*买个教训。
17248,jd,domestic,JD.com,水果,水果,,positive,,水果，还挺脆口的，不过削了皮之后，感觉，苹果里面，有个别有，一些小斑点。
43418,jd,domestic,JD.com,衣服,衣服,,positive,,质量挺好的。客服推荐的尺码也很好，弟弟穿着也挺合适，喜欢的不要犹豫啦
30557,jd,domestic,JD.com,洗发水,洗发水,,positive,,哈哈，好小瓶阿。看着质感不怎样，希望是正品，不过这大打折的东西以后还是少买，收到货了真心不咋滴。
12824,jd,domestic,JD.com,平板,平板,,negative,,质量没有想象的好 尤其是卡 最主要的是没有宣传的那样省电，我的只能用一天，使用时间不超过5个小时，比宣传的差太远了，最多能上网聊微信5个小时不能再多了，还以为能用10个小时以上，宣传看视频都要10多个小时 很失望
20432,jd,domestic,JD.com,水果,水果,,positive,,单果不大 但包装很好 送丈母娘的
34774,jd,domestic,JD.com,洗发水,洗发水,,negative,,这个用了洗了一天头皮就开始痒了，而且头发很油，像是假的！
16402,jd,domestic,JD.com,水果,水果,,positive,,苹果不错，个头不太大，但是非常新鲜，看着不错，希望好吃！
12332,jd,domestic,JD.com,平板,平板,,negative,,啊好用？不好用，服务不好，不满意！！！！
39709,jd,domestic,JD.com,衣服,衣服,,positive,,质量不错，很合适，款式好看，满意
42382,jd,domestic,JD.com,衣服,衣服,,positive,,裤子很好，版型也挺好的，面料微微带弹性，穿起来舒服！
38812,jd,domestic,JD.com,衣服,衣服,,positive,,裤子还没穿，今天刚收到，看了一下，还不错
15008,jd,domestic,JD.com,手机,手机,,positive,,行动遥控”也是明基P50的一大卖点
4663,jd,domestic,JD.com,平板,平板,,positive,,平板很好很清晰，输入反应蛮快，电池还算耐用，不过内存显示16G是1OG的内存。总的来说还算满意。
14472,jd,domestic,JD.com,手机,手机,,positive,,样子帅气，线条硬朗，男人用合适。功能方面没有过多的添加，简简单单，6万5的屏，显示效果一般，支持MP3外放，但是效果一般，也就是有这个功能罢了，因为没有过多的复杂功能，所以待机很出色，可以用到6天左右
15203,jd,domestic,JD.com,手机,手机,,negative,,"让人不会用,数据线是摆设连接就充电,真是活见鬼!"
42904,jd,domestic,JD.com,衣服,衣服,,positive,,可以 比较满意 穿了再来评价
52311,jd,domestic,JD.com,计算机,计算机,,negative,,1，vista系统进不去 2，安装xp系统后，声卡驱动太费劲 3，蓝牙找不到了 4，价格还有些贵
51960,jd,domestic,JD.com,计算机,计算机,,negative,,散热尚需改进，还是很热，Intel不肯开发低能耗芯片组，就用945来忽悠。
46343,jd,domestic,JD.com,衣服,衣服,,negative,,上次买了浅灰色的背心 感觉挺好的 这次让我非常失望 真的
8833,jd,domestic,JD.com,平板,平板,,positive,,超高性价比，比手机店便宜，值得买
21332,jd,domestic,JD.com,水果,水果,,negative,,恶心的京东，东西小的mini个，省运费拍了好几个，完了说有的没法发货，电话我也同意不发货。可他们拆分的时候，把有货的和运费都纳入没法发货的。 为了方便她们工作，我22.9元买的东西，你们竟然退了我8.9元。坑。爹呢啊，*!
25549,jd,domestic,JD.com,水果,水果,,negative,,太小了，只有巴掌大，我朋友买的说让我给差评！！！
31817,jd,domestic,JD.com,洗发水,洗发水,,negative,,大家看看洗头水这个上面漏的是什么，打开快递就是这样，京东自营商品真的是这么差吗？快递一打开，沐浴液是一早被人开了，盖子是弹开的，差差差，级度超级差差差 ，过分的
14578,jd,domestic,JD.com,手机,手机,,positive,,此款手机很漂亮，通话时的音质很好，没有杂音呀。怎么说呢，适合低收入人群使用。或是年轻的女孩子用。
12364,jd,domestic,JD.com,平板,平板,,negative,,垃圾中的战斗机，提醒广大消费者切莫购买，已经亲自体验，连4g都带不动，各种水吧，当我们一点常识都没有？还当地网络信号不好，我几个手机放旁边，再仔细看看那个包装，那个所谓的劣质充电器，我都心慌。
16880,jd,domestic,JD.com,水果,水果,,positive,,东西不错，吃起口感很好，京东物流没得说，快，早上下单下午就收到了
21880,jd,domestic,JD.com,水果,水果,,negative,,买了很多水果，以为会一个箱子送过来，结果来了七个箱子...学校京东派只送到学校门口，却不负责送到寝室。于是让我一个人搬走，从校门口到宿舍15分钟，7个箱子...学校京东派真lz！一星给我学校京东派。
13962,jd,domestic,JD.com,手机,手机,,positive,,存储电话本1000组.方便比同类照相效果好.可靠性非常的高.
15756,jd,domestic,JD.com,手机,手机,,negative,,操作系统设计的实在是小儿科
17775,jd,domestic,JD.com,水果,水果,,positive,,京东快递就是快，第二日就到了，很新鲜，下次再来
51897,jd,domestic,JD.com,计算机,计算机,,negative,,合上时的确有缝隙，新的时候还没什么太大影响，就不知道以后怎样。
7925,jd,domestic,JD.com,平板,平板,,positive,,犹豫了非常非常久，因为一直用的ipad，再加上后来出的新Pad价格也差不多，后来痛下心来买的原因是办公的便利性和屏幕尺寸，但是实际收到有两个不满，一个是充电接口太Low，一个是不支持电信通话，其余总体好评！
51326,jd,domestic,JD.com,计算机,计算机,,negative,,硬盘声音大。好像是dell这批产品都有这个问题，E6400和E5400都有硬盘声音大的问题。
15647,jd,domestic,JD.com,手机,手机,,negative,,缺点太多了：130万像素的摄像头，愣说准400万像素，是插值计算而成（基本上骗人的）。价格太高。劝大家千万不要买。
12414,jd,domestic,JD.com,平板,平板,,negative,,腾讯视频会员卡呢??给不起就不要写上去欺骗消费者
45747,jd,domestic,JD.com,衣服,衣服,,negative,,差，掉色严重，只洗两次
32292,jd,domestic,JD.com,洗发水,洗发水,,negative,,郁闷无比，发错货，客服态度差劲?！垃圾垃圾……
28853,jd,domestic,JD.com,洗发水,洗发水,,positive,,特别好用，而且现在有很大的活动
18643,jd,domestic,JD.com,水果,水果,,positive,,华圣高原红富士苹果?水多，鲜艳，甜，好吃。
15660,jd,domestic,JD.com,手机,手机,,negative,,"信号弱。如用联通的号，最好不要买。若真是特别喜欢它（比如我），只有开通联通秘书了。否则。。。后果自负了。短信存储量太少,有时出现白屏现象，但检测“正常”。通话时间好像没有宣传的长"
39784,jd,domestic,JD.com,衣服,衣服,,positive,,裤子到了之后立马就穿上了，大小非常合身，穿上感觉不错，厚度可以，冬天穿一点都不冷，太棒了！好评好评，也要推荐朋友也来买，不错的店家。
22595,jd,domestic,JD.com,水果,水果,,negative,,第一次对京东感到失望，捡货员难道一点责任心都没有的吗？这个都烂成这样了还发货，这就是京东的品质和质量检验吗？基本无差评，这是最上火的一次呀，唯一欣慰的是送货员师傅真心负责，，这一颗星绝对是给送货小哥的，就这样吧
9353,jd,domestic,JD.com,平板,平板,,negative,,手机拍照存储不了，客服态度不好，不回复
7122,jd,domestic,JD.com,平板,平板,,positive,,目前使用良好，适合小孩老人看电影，玩小游戏！
49335,jd,domestic,JD.com,计算机,计算机,,positive,,性价比高，模具很适合女性，选用酒红色。搭配的很不错！硬件的搭配上也比较平衡！
16969,jd,domestic,JD.com,水果,水果,,positive,,包装无封口，估计哪个都能打开看或者换，不知道是不是正品?极差的一?购买?京东越来越差了
14305,jd,domestic,JD.com,手机,手机,,positive,,可以拍照。可以把照片当彩信发给朋友。显示屏都是26万色的。
41251,jd,domestic,JD.com,衣服,衣服,,positive,,不错，穿着舒服。质量还行，下次再来
5758,jd,domestic,JD.com,平板,平板,,positive,,东西已收到，屏幕色彩好，京东快递给力
13432,jd,domestic,JD.com,平板,平板,,negative,,垃圾华为毁我青春
33834,jd,domestic,JD.com,洗发水,洗发水,,negative,,这是什么鬼生姜护发素，一点点姜味道都没有，不好用
14608,jd,domestic,JD.com,手机,手机,,positive,,1、外观漂亮、手感好；2、屏幕大、亮度高、色彩艳丽；3、铃声大、曲目经典；4、可下载动态屏保、和弦铃音；5、通话质量还行；
41160,jd,domestic,JD.com,衣服,衣服,,positive,,不好意思，过了这么多天才评价。不过，牛仔裤真的穿起来很舒服，也没有太紧。洗起来也不掉色，家里人也说很好看。真心棒。
9923,jd,domestic,JD.com,平板,平板,,negative,,啥呀，，虽说不是太值钱但这包装也太小了，，而且还什么也不带，我都差点以为没给充电器
49672,jd,domestic,JD.com,计算机,计算机,,positive,,优点：便宜，配置不差，外型8错，完全可以满足日常使用总结：便宜，配置不差，外型8错，完全可以满足日常使用
27701,jd,domestic,JD.com,洗发水,洗发水,,positive,,以前用过几次沙宣的洗发水感觉不错，这次买个套装试试，挺划算的！送货员服务非常好，信赖京东！
16661,jd,domestic,JD.com,水果,水果,,positive,,第一次在京东买水果，真的很新鲜，和图片上一样的哦！
4579,jd,domestic,JD.com,平板,平板,,positive,,秒杀的，很实惠，赚了！
52404,jd,domestic,JD.com,计算机,计算机,,negative,,1）重量再控制一下； 2）周末说是一天2送，我在上海，周五17点之后下单，周日中午11点多才送到。慢。
16240,jd,domestic,JD.com,水果,水果,,positive,,很脆很好吃，给宝宝买的，宝宝很爱吃
9511,jd,domestic,JD.com,平板,平板,,negative,,分辨率极低，如果考虑价格请假随意
6984,jd,domestic,JD.com,平板,平板,,positive,,不错啊，，，，，
43809,jd,domestic,JD.com,衣服,衣服,,negative,,我买的是M码 我这么大个人175CM/62Kg，穿起来竟然还长 本了想买来打底的 看到这买大件就呵呵了
17930,jd,domestic,JD.com,水果,水果,,positive,,包装完美，苹果一个都没坏，就是我吃的都是酸酸的，第一次京东买水果还不错
7558,jd,domestic,JD.com,平板,平板,,positive,,第一次上京东买手机，很好。
49715,jd,domestic,JD.com,计算机,计算机,,positive,,性价比高 速度快 780的主板也很好 几乎感觉不到发热 除了触摸板那里 外观很大方 也很耐磨据 说防震也很好
31204,jd,domestic,JD.com,洗发水,洗发水,,negative,,因为是在4.9号拍下的宝贝，如今不能申请售后。第一次在朋友家使用这个产品，感觉特别好，但是买回来之后，再次使用的感觉就不同了……今天在屈臣氏买了一瓶清扬樱花沁爽型的洗发露，发现和在京东买的有点不一样，店主家的图片宣传和屈臣氏里买的是一样，可邮寄过来的产品，和自家宣传的图片，有些不同，屈臣氏买的瓶子正面最下方净含量：750ml的上面有一行小黑字，内容是“维他命和矿物质的营养补充”，在京东买的内容是“维他命的营养补充”，第一张是在屈臣氏买的，第二张是在京东买的，附图片如下。第一次在京东上买东西，却遇到这样的问题，很是不能接受！！！一时找不到店主的联系方式，请该店的工作人员看到留言给解释一下。
50004,jd,domestic,JD.com,计算机,计算机,,positive,,性价比不错，功能全面，而且没有亮点哦~~~~哇哈哈~~~~~~ 服务也很到位，1天就到了，不错，很方便，省的我到处乱跑被忽悠~~~~~
49733,jd,domestic,JD.com,计算机,计算机,,positive,,"轻巧,本来就想到了x系列应该比较轻巧，不过也没想到这么轻。比我原来用的华硕A8Js轻了不是一点点。"
43040,jd,domestic,JD.com,衣服,衣服,,positive,,一直在这家买不错，质量好，颜值高，有弹性
4405,jd,domestic,JD.com,平板,平板,,positive,,非常好的一款平板，玩游戏不卡顿，看影视画质清晰，拍照无论白天还是黑夜画质都很自然不失真。华为真心不错的。
4719,jd,domestic,JD.com,平板,平板,,positive,,平板的流畅度还是不错滴，就是安卓的软件兼容跟苹果还是有差距，还有就是华为的处理器的兼容性问题，玩大型游戏还是没有优化好，不过屏幕不错看电影还行，小米平板3买期货，本来想买那个的，看着这平板还不错就下了单！
50991,jd,domestic,JD.com,计算机,计算机,,negative,,风扇声音比较大；自己拆卸键盘添加内存、更换硬盘很不方便；装回键盘还需要一定的技巧才行。
26548,jd,domestic,JD.com,洗发水,洗发水,,positive,,宝宝收到了，超值，好多东东，，，京东快递就是快呀?
46776,jd,domestic,JD.com,衣服,衣服,,negative,,这条还可以，一般般 这条还可以，一般般 这条还可以，一般般
29870,jd,domestic,JD.com,洗发水,洗发水,,positive,,很实惠，建议大家用这个，之前在超市买的贵，而且很好用，顺滑
13896,jd,domestic,JD.com,手机,手机,,positive,,我的易美950使用快一个月了，总的来说，我感觉还是比较不错的。一、屏幕显示色彩鲜艳，显示效果很好： 950使用的是TFT材质，显示效果明亮，色彩鲜艳逼真，尤其是在阳光下仍能看得很清楚，比STN或CSTN等强多了；分辩率也比较高。二、铃声比较动听，声音也比较大：950是40和弦的，声音比较大，也比较动听，有电子音乐、古典音乐、普通铃声、语音及其他等，种类多，可供你选择。三、键盘布局合理，很耐用：950键盘设计的我感觉还是比较合理的，视觉效果很好。四、待机时间较长：950有两电两充，一薄电和一厚电，待机时间比较长了，有三天之多。五、机子速度较快：950总体来说，速度还是很快的，就是发短信是比较慢，同v10不相上下。六、通话音质不错：通话时声音很大，音质总的来说不错，只是在家中时不时有点交流声，在外面就很好。
18639,jd,domestic,JD.com,水果,水果,,positive,,到货速度蛮快，买给丈母娘吃的。不知道味道如何。好的话会继续买。
48839,jd,domestic,JD.com,计算机,计算机,,positive,,之前用的是X60.只喜欢小黑。很轻，几乎没有噪音，连硬盘转的声音都几乎听不见。配置主流，用相关软件测试了，cpu温度在今天这么热的天气也只有39。做工很精细，外表没的说，让人有一种爱不释手的感觉。确实是一款难得的笔记本。
8731,jd,domestic,JD.com,平板,平板,,positive,,物流超快，东西很好用。
41832,jd,domestic,JD.com,衣服,衣服,,positive,,一直穿这家裤子，穿着舒服不错。
49539,jd,domestic,JD.com,计算机,计算机,,positive,,"电池续航不错. 看股票加上班时间可以一直用到回家.不错,早3小时,午4小时."
5847,jd,domestic,JD.com,平板,平板,,positive,,商品很不错，京东加油！支持！！
35037,jd,domestic,JD.com,洗发水,洗发水,,negative,,一分是给快递的，居然在京东买到假货，洗完头发一直痒，不想吐槽，而且防伪标志又没有，送来还撒出来了，第一次给差评，忍无可忍
45220,jd,domestic,JD.com,衣服,衣服,,negative,,该款偏小，同时露在外面线的颜色，与衣服的颜色不一样，太难看
51603,jd,domestic,JD.com,计算机,计算机,,negative,,1、货源紧张，6月19号下的单，27号才到2、自带的Vista运行实在太慢了，自己又加了1G内存，现在用着还行3、为什么外包装盒的出厂配置标签上印的是“双核处理器”？
32930,jd,domestic,JD.com,洗发水,洗发水,,negative,,运输过程有泄露，但是代收的，也就算了。用了后，感觉不太真，也懒得退了。
5522,jd,domestic,JD.com,平板,平板,,positive,,用了一段时间，感觉还可以，不过指纹识别不太灵敏啊，每次都得按几次
15696,jd,domestic,JD.com,手机,手机,,negative,,划屏实在惹人讨厌.待机时间干不过师兄九A九++
44285,jd,domestic,JD.com,衣服,衣服,,negative,,我要的是加绒款，收到的不是，总体来看还是不错，可惜买大了一码.
49835,jd,domestic,JD.com,计算机,计算机,,positive,,长城是老牌子了，朋友相中这一款，配置高，外观很漂亮，音量和播放都是触摸式的，很不错，京东包装也很扎实。
43749,jd,domestic,JD.com,衣服,衣服,,positive,,好！非常好穿！好舒服！质量也不错！卖家生意兴隆！
18082,jd,domestic,JD.com,水果,水果,,positive,,苹果很脆很甜，物流很快！快递小哥服务超级好！
34515,jd,domestic,JD.com,洗发水,洗发水,,negative,,太垃圾了，这种洗发水也拿出来卖
31568,jd,domestic,JD.com,洗发水,洗发水,,negative,,有没有搞错啊，刚买完就便宜*也没有你们这样做活动的啊，还6.18呢，下回不信了，没信用。
15518,jd,domestic,JD.com,手机,手机,,negative,,我买了才一个多月，感觉内存小，摄像头颜色不正，待机时间太短，原装电池充满一天就没电了，就输入法不好用
8619,jd,domestic,JD.com,平板,平板,,positive,,刚收到，开始使用，下栽文件成功，速度好快，好棒。
44573,jd,domestic,JD.com,衣服,衣服,,negative,,号码小 叫卖家给退退换不让换 无语 第一次被骗的感觉
15837,jd,domestic,JD.com,手机,手机,,negative,,"我买了波导m08,才2个月就坏了.而且送去2次维修,一点问题也没有解决.这次又送去,一个多月了,也没有答复.真是太差劲了."
14320,jd,domestic,JD.com,手机,手机,,positive,,大家都觉得它的像素不高，但是我不认为，我觉得它照出来的效果还是可以的，昨天去照樱花效果就不错，还可以调焦呢。播放音乐音质确实不错。
15526,jd,domestic,JD.com,手机,手机,,negative,,电池最多使用一天，赠送的电池打两个十分钟的电话就没了。内存太小。翻盖不容易打开。
15847,jd,domestic,JD.com,手机,手机,,negative,,缺点竟然比优点还多 ，不能有GPRS 这就不能接受彩信，郁闷，不能下载图片，铃声是能下的，不过只有少数的几首歌曲的格式支持它 ，但是破机才能存5首歌曲，图片就不用说了，根本就下不了 ，用到现在了用的我心都成酸菜缸了~~~~
52020,jd,domestic,JD.com,计算机,计算机,,negative,,配置貌似不错，号称是游戏王，但我运行cs1.6（就原装系统），卡~且发热量大，官方没有xp系统的驱动，暂未装xp，据说装了xp后可能“桌面导航”会用不了，暂未尝试。显示频触碰会有‘弹簧片’似的的颤动感
16051,jd,domestic,JD.com,手机,手机,,negative,,"感觉手机质量不是很好，十一新买的，因为搞促销。回家去，下午就死机了，开机重启后正常使用。现在用机快2个月，中间出现过几次死机情况,都是重新开机后正常使用。感觉通话声音比较小，还有杂音，有时候根本听不清对方说什么，拿去KF被告之，这个不算质量问题，不能换也不管修"
15148,jd,domestic,JD.com,手机,手机,,negative,,机子出现过自动关机然后开机慢的现象！输起短信来，也不是很流畅；按键手感也不佳！还有，做为可拍照手机，照片需要很大的存储量，它居然不支持外接存储卡！还有：不支持WAP上网！不支持MP3播放！不支持红外接口
24349,jd,domestic,JD.com,水果,水果,,negative,,无语，打开包装后不单果子受伤，内心也很受伤，十二个苹果，竟然有十个严重内伤
19253,jd,domestic,JD.com,水果,水果,,positive,,宝贝已收到，京东自营商品依然很速度，昨天下午下订单，今天上午就收到了，这是第二次买，还不错！
4908,jd,domestic,JD.com,平板,平板,,positive,,流畅性很好，毕竟运行内存是3的，加入扩展卡，很满意，国产现在真觉得好
9037,jd,domestic,JD.com,平板,平板,,negative,,太啃爹了第三天就降价一百，无语了
26591,jd,domestic,JD.com,洗发水,洗发水,,positive,,以前没用过这牌子洗发水觉得挺贵的就看效果咋样
32676,jd,domestic,JD.com,洗发水,洗发水,,negative,,这一颗星是给物流的，太失望了，下了订单三天了还没出库，说的次日达结果等了四天半
50069,jd,domestic,JD.com,计算机,计算机,,positive,,黑色外观挺朴实，喜欢亚光屏。散热还可以。声音很小，即使在深夜也不大有声，就是有点硬盘的动静，跟旁边的台式机比，就算perfect了。键盘也用的挺顺溜的。
26198,jd,domestic,JD.com,洗发水,洗发水,,positive,,喜欢滋源，一直在用，头发用了很柔顺，掉头发也少了，大爱
51016,jd,domestic,JD.com,计算机,计算机,,negative,,"外观可以，系统真难装,LINUX 系统根本不能装 GHOST 版本的XP 而且刚买就降100"
39856,jd,domestic,JD.com,衣服,衣服,,positive,,买回来的裤子和卖家的一样 质量不错 裤子颜色也是我喜欢的 总体来说还行 穿出去也倍有面子
7866,jd,domestic,JD.com,平板,平板,,positive,,华为m3.用着不错，就是wifi版不能插卡。不过连接无线网很好用
20810,jd,domestic,JD.com,水果,水果,,positive,,看上去有点小，但很新鲜，没尝也不知道味道如何？很满意！
50377,jd,domestic,JD.com,计算机,计算机,,positive,,在返现特价时买的这个配置算比较高的性价比，电池可以用七个小时左右（没找到所谓的节电到九小时的设置），键盘也比较漂亮，比900系列有较大改进
14291,jd,domestic,JD.com,手机,手机,,positive,,待机最高可达7-9天，多媒体功能十分强大，支持各种视频和音频的录制和播放，音频文件方面支持多种文件类型。
23856,jd,domestic,JD.com,水果,水果,,negative,,你太缺德了，坏成这样的苹果也拿出来卖，你自己吃试试看，赚这样的钱也不怕消化不良，京东居然还强制给一颗星的，**
48607,jd,domestic,JD.com,衣服,衣服,,negative,,没有任何弹性！不怎么滴！
32278,jd,domestic,JD.com,洗发水,洗发水,,negative,,假货，刚洗过一堆头皮屑！！！
34336,jd,domestic,JD.com,洗发水,洗发水,,negative,,洗了头发，头皮痒的慌！ 不是正品?
11975,jd,domestic,JD.com,平板,平板,,negative,,产品尚可，京东服务太差，相互推诿。发货太慢，等了四天才发货，而且期间问什么也不知道。
10467,jd,domestic,JD.com,平板,平板,,negative,,不是很好，屏幕有点问题，插卡也有问题？
15587,jd,domestic,JD.com,手机,手机,,negative,,机子按键不好用！运行速度慢，输入短信时，有时会感觉很慢；有时甚于象死机一样。质量不行，翻盖转轴处有明显缝隙，容易进灰尘！还有就是它的外壳，用了没多久，就开始掉漆，机子看上去很难看！
16072,jd,domestic,JD.com,手机,手机,,negative,,本人觉得最大的BUG就是：在呼叫记录理拨打电话，是没有任何菜单可以让大家对所要拨的号码进行修改，例如：联通IP在号码前加拨17911，但是在呼叫记录的电话只能进行直接呼叫、编辑短信、储存等等，就是不能预置在桌面上进行修改，每次要拨长途都要用笔记下号码，再直接手工拨号，很麻烦！这个BUG让用开三星的我十分不习惯！曾经在之前的8280也发现这个问题，这个是否LG的通病？
28044,jd,domestic,JD.com,洗发水,洗发水,,positive,,618活动购买真合适，能用很长时间，包装也不错，用过后看效果，第一次买这个牌子应该还不错，送货很快，现在购物基本都是选择京东
48882,jd,domestic,JD.com,计算机,计算机,,positive,,机子小，噪音很小，散热也不错，携带方便，cpu性能不错，内存还过的去
48894,jd,domestic,JD.com,计算机,计算机,,positive,,"配置很不错.用起来还算顺畅,散热还OK吧,硬盘分区挺容易的,厦门自提点的工作人员态度不错."
43649,jd,domestic,JD.com,衣服,衣服,,positive,,这是第二次买，嗯，裤子款式很好，大小合适，嗯，物流很快，店家的服务态度也很好
52221,jd,domestic,JD.com,计算机,计算机,,negative,,产品介绍没有说明该怎么去装XP，幸亏我有带Sata驱动的XP，要不然肯定搞不定了！
15180,jd,domestic,JD.com,手机,手机,,negative,,不行老是自动关机
30897,jd,domestic,JD.com,洗发水,洗发水,,positive,,和同事和着买的，挺合适的，买完就涨价了，感觉用着挺好的，没什么特别的味道
49675,jd,domestic,JD.com,计算机,计算机,,positive,,驱动很好装的，在官网上都有，自己又买了个三星DDR2-667的1G的内存，用了一下午感觉很好
25502,jd,domestic,JD.com,水果,水果,,negative,,买回来第3天里面就全部发霉烂掉了。建议少买点。
14059,jd,domestic,JD.com,手机,手机,,positive,,借同学的w800玩了几天，觉得跟我自己的NOKIA的6230i比有几个优点。1.电池很耐用。第一次充电狂发300多条短信，打了几个电话，能用超过两天，期间还玩过几分钟的相机和WALKMAN。2.摄相功能：200W的像素自然比6230i好，有自动对焦功能，而我的6230i变焦功能就是摆设，在这点上NOKIA要检讨了。3.内存大 随机512M简直有硬盘的感觉 ，而且W800C还附送读卡器。
29789,jd,domestic,JD.com,洗发水,洗发水,,positive,,一直都在用这个牌子的洗发水，以前也没用过生姜的，看评价感觉也还不错，期待效果。。
16007,jd,domestic,JD.com,手机,手机,,negative,,1、屏幕采用古怪的240*240像素分辨率，如果全屏播放视频则会导致图象变形，非常难看，浏览很多3:2比例的图片也存在问题。2、拥有强大的功能却不支持WIFI无线上网，难以满足用户高速浏览网络的需要。3、130万像素摄像头没有拍照快捷键，拍摄很不方便（如果采用更改菜单设置的方式占用一个键位，其他操作又不方便了），而且画质很糟糕，连2000元手机的效果都不如，相同价位的手机还没有像它的镜头这么烂的（以前Palm 600的30万像素摄像头都比它强）。4、价格可以用离谱来形容，6000元？在PPC领域还轮不到Palm称王，更别说那个失败的240*240屏幕，首先就制约了很多性能的发挥、很多软件的支持。
50835,jd,domestic,JD.com,计算机,计算机,,negative,,"太重了，好像比其他品牌14寸的机子还重，怎么上面写着2.6kg,可是电脑包装上面写毛重3.6，还有不知是自己太背了还是怎么的，本子到手还没有用，好像有点问题，又要去售后维修，太麻烦了！"
35570,jd,domestic,JD.com,洗发水,洗发水,,negative,,闻着太臭了，让人很不爽，
43098,jd,domestic,JD.com,衣服,衣服,,positive,,第一次在京东买裤子，物流快，价格实惠，店家服务很好！以后就在这家店了！！！！！
41629,jd,domestic,JD.com,衣服,衣服,,positive,,卖家发货速度快，质量不错，大小刚刚好，穿着舒服，挺满意
14694,jd,domestic,JD.com,手机,手机,,positive,,阿尔卡特 OT535是一款功能丰富价格适中的手机产品。该机突出特点主要有：屏幕面积大，看上去比较舒服。红外线、24和弦、4096色屏幕。这就代表着阿尔卡特的OT系列手机，将会是阿尔卡特公司的主打手机系列。另外该机具备红外线功能，支持多重文件格式. 是一款值得推荐的产品
31259,jd,domestic,JD.com,洗发水,洗发水,,negative,,一用就不是真的，头皮痒，跟一直用的清扬差远了假货
51539,jd,domestic,JD.com,计算机,计算机,,negative,,VISTA系统无法连无线网络，咨询联想工程师解决不了问题，不能说人家水平差，原装软件有冲突，确实难找问题所在，最后还是根据人家给我的思路自己搞定的。如果对于电脑不熟悉的人，那麻烦了，老老实实接网线吧。
10844,jd,domestic,JD.com,平板,平板,,negative,,反应有些迟钝，作为华为老用户，没感觉到华为的进步。
6877,jd,domestic,JD.com,平板,平板,,positive,,棒棒哒。价格不贵
38867,jd,domestic,JD.com,衣服,衣服,,positive,,质量很好，很喜欢，价格也划算。
46395,jd,domestic,JD.com,衣服,衣服,,negative,,特别容易吸土，裤子穿起来显得腿粗
39488,jd,domestic,JD.com,衣服,衣服,,positive,,看起来不错的样子，大小刚好！
32101,jd,domestic,JD.com,洗发水,洗发水,,negative,,商家提供产品图片跟实际收到商品出入很大，让人有种被欺骗的感觉
8860,jd,domestic,JD.com,平板,平板,,negative,,东西收到了，但啥感觉被坑了！怎么和我看有点不符，不知道找谁解决。请问下面图片的的功能被谁吃掉了，麻烦看到评论有人站出来给个说法。要是没人负责我只能找相关部门投诉维护我的权益。*
8491,jd,domestic,JD.com,平板,平板,,positive,,不错的宝贝，包装干净点就好了，还是可以考虑买的，价钱实惠
17259,jd,domestic,JD.com,水果,水果,,positive,,这个苹果不是被催熟的，很甜很脆，棒！
51658,jd,domestic,JD.com,计算机,计算机,,negative,,还以为有炫灯的，哪知道没有，有什么问题直接客服吧，kfmm还是挺有礼貌的
50017,jd,domestic,JD.com,计算机,计算机,,positive,,"货已经收到，是原装机器，感觉蛮好的，东芝的做工简直一流设计很人性化,发出的热量控制得很低模具很漂亮"
16105,jd,domestic,JD.com,手机,手机,,negative,,"开关机声音不能取消，且自带声音巨难听，电池太一般了，摄像头绝对的骗人,说200万像素,我看20万都到不了"
4366,jd,domestic,JD.com,平板,平板,,positive,,你至于我为什么要说这句话。就是因为我话说少了京东上不给我金豆。在京东上买了好多东西，从来没有晒图评论过。这次不知道为什么，可能喝酒多啦，上来就说了几句话。
16259,jd,domestic,JD.com,水果,水果,,positive,,物流一如既往的及时和快捷，这个就不用多说了，价格有比较优惠，值得推荐，关键是凑单后更优惠。口感非常好，爽脆啊
28856,jd,domestic,JD.com,洗发水,洗发水,,positive,,东西刚收到，闻了一下气味，挺好的
8887,jd,domestic,JD.com,平板,平板,,negative,,机子一般，今天刚拿到用哈就很烫，而且啥都没送的有。
49568,jd,domestic,JD.com,计算机,计算机,,positive,,618买的，我一直在用华硕，外观很漂亮，16：9的宽屏看高清确实挺爽！一切配置都恰到好处。
21017,jd,domestic,JD.com,水果,水果,,positive,,这个还是不错的，鲜，甜！还会买哈！
11030,jd,domestic,JD.com,平板,平板,,negative,,这手机确实一般，分辨率低，照相模糊不清，垃圾手机。
16053,jd,domestic,JD.com,手机,手机,,negative,,外观设计一般化，缺失时尚元素。铃声音量偏小，易漏接来电。不支持Java，下载不太方便。机身偏厚，按感手感也有些涩。550mAh锂电池，待机时间实际只有一两天，这怎么够用！
40383,jd,domestic,JD.com,衣服,衣服,,positive,,裤子穿上很舒服布料特别好 裤子的弹性也很好适合我这个年龄段穿裤子的样式设计也很好下次还会在来！
46551,jd,domestic,JD.com,衣服,衣服,,negative,,质量很差，与图片没发对比，差评
38951,jd,domestic,JD.com,衣服,衣服,,positive,,裤子质量特别好，穿在腿上特别舒服。物美价廉，总之一次不错的购物，下次还来他家购物。
44614,jd,domestic,JD.com,衣服,衣服,,negative,,很一般很一般很一般
29715,jd,domestic,JD.com,洗发水,洗发水,,positive,,洗发水质量很好的，之前一直用这个，只是这次快递超级慢，22号派送，拖到了23号才派送！但快递员人很好，天下着雨，小区停电，快递员走楼梯把货送家里了！感谢
25032,jd,domestic,JD.com,水果,水果,,negative,,太小个了，味道偏酸。物流很慢。有两个有点坏。总之来说一般般。
30730,jd,domestic,JD.com,洗发水,洗发水,,positive,,不错，相信京东，价格便宜，又能用一段时间了。
52068,jd,domestic,JD.com,计算机,计算机,,negative,,这点是这机器的最弱之处，就是广大网友反应的安装XP系统非常困难，我也是试了很多XP系统盘，但是都以失败告终，郁闷啊，HP的好多机器都是个样子，看样子只能装个vITSA了，毕竟VISTA是大趋势啊，
31198,jd,domestic,JD.com,洗发水,洗发水,,negative,,东西真不怎么样，起头皮屑起得太多，想买的朋友考虑好，
9113,jd,domestic,JD.com,平板,平板,,negative,,这个手机是我在京东上买的第二个手机，都是一种毛病，无信号，信号很不好，很LJ的那种，买手机，我个人推荐苹果。国产的你们懂得，尤其是金立，那种手机竟然还能出现在市场，我也是醉了。
45357,jd,domestic,JD.com,衣服,衣服,,negative,,垃圾玩意，跟地摊货一样，
13031,jd,domestic,JD.com,平板,平板,,negative,,这屏幕分辨率简直全成看视频在打马赛克，国产货，真信不过
52501,jd,domestic,JD.com,计算机,计算机,,negative,,只分了两个区，菜鸟不会自己分，要多一个区就好了 物流的态度超不好
21647,jd,domestic,JD.com,水果,水果,,negative,,难吃得要命，果子肉小，没有水分，酸，苦涩，购买需谨慎
51164,jd,domestic,JD.com,计算机,计算机,,negative,,散热不是很好，不过送的散热器还可以将就用用，到天热的时候再看怎么样了
26281,jd,domestic,JD.com,洗发水,洗发水,,positive,,还可以吧，618搞活动买的，不过脱发得长时间用才能看出来有没有用，控油还是不错
31281,jd,domestic,JD.com,洗发水,洗发水,,negative,,假货无疑。味道、质感、洗完头的效果，都比实体店差太多。还自营呢，京东明目张胆卖假货！一星都不愿意给！大家不要上当！
21548,jd,domestic,JD.com,水果,水果,,negative,,什么情况啊，都坏了，还要卖给我。差评，当时没注意，要不绝对不签收
44625,jd,domestic,JD.com,衣服,衣服,,negative,,质量不好，根本值不了这个价钱
24869,jd,domestic,JD.com,水果,水果,,negative,,大家千万不要买，很差的苹果，不新鲜又小又很难吃。。。
4400,jd,domestic,JD.com,平板,平板,,positive,,还行吧。看电影还行的
19857,jd,domestic,JD.com,水果,水果,,positive,,苹果包装完好，吃起来香甜可口！
7168,jd,domestic,JD.com,平板,平板,,positive,,非常满意，轻松的购物真的很放心，还会再来的。
52058,jd,domestic,JD.com,计算机,计算机,,negative,,就是系统装得我比较麻烦！还要就是本人的技术也比较菜！有水平的买家可以留下一下经验下来哦！呵呵
39269,jd,domestic,JD.com,衣服,衣服,,positive,,衣服摸着料子不错，挺时尚的，穿上也很合身，物流也快，总之，一次愉快的购物体验。
14982,jd,domestic,JD.com,手机,手机,,positive,,"这款手机的屏幕效果特别好,明基是做显示器和液晶面板的,以前的M300就不错的呀，现在这个颜色看起来比M300要好很多的哦~~鲜亮！！！M350的免提通话功能也试过了,效果值得表扬,没想到哦，呵呵~~~20几平米的会议室内,可以用这个电话当作会议电话来使用"
27679,jd,domestic,JD.com,洗发水,洗发水,,positive,,收到了不错 一个盒子里装的 挺满意的
15382,jd,domestic,JD.com,手机,手机,,negative,,"我是2005年3月8号买的三菱M900手机,但买来后就一直不舒心,这款手机和宣传及说明书上的差别太大:1.输入法使用要自己摸索,和其他品牌手机比麻烦的多,发信息很困难,对于每月发短信1000多条和朋友聊天的我成了最烦心的事,以至我有时真想把这机子当众摔坏;2.MP3不支持中文名字,谁有能力把几十首歌改成英文名英语专业的也不见的吧3.铃声只认固定文件夹中的,以至放在SD卡中还要一个一个文件夹试验,很麻烦;4.MP3不能设置成分组铃声,以至你们承诺的MP3可以做铃声成了空话;5.照相上只能在照自己时用白平衡,照外界却不行,模糊不清,还在1280*960时无能力变焦,以至经常出差的我买此机想省数码相机的愿望泡汤.6.电话本的内容不能备份到电脑中以备不測,也不能在电脑中编辑;7.客服010-88210766长期没人接电话;"
5440,jd,domestic,JD.com,平板,平板,,positive,,挺好的，至今还没有遇到过什么问题，想来会一直用一段时间，想买的朋友可以进行购买。
52019,jd,domestic,JD.com,计算机,计算机,,negative,,提货处试机时，第一次开机时按电源好几次，也等了很久，才突然自己启动，不知是什么原因；无调制解调器，虽然用的机会不多，但是偶尔需要传真时很好用；Y430有配鼠标，这个居然连鼠标也省了
31053,jd,domestic,JD.com,洗发水,洗发水,,positive,,相当不错，是正品，老婆一直都在用，这次又买了一套确实很好
15558,jd,domestic,JD.com,手机,手机,,negative,,机身漆面质量不高，整机塑料感非常明显。手感生硬，导航键采用了拨杆设计，硬度较高而且十分尖锐，操作起来非常别扭。数字键区更是小到不能再小......
24897,jd,domestic,JD.com,水果,水果,,negative,,京东自营，6月26日下午将近五点下单，6月27日上午送到家。打开包装三个火龙果均已坏成这样，打客服问了让我看切开坏才断定坏。我第一次从京东买水果，本着平时对京东的信任，结果竟然这样。不是特价商品，物流只有一晚上，所以肯定配货的时候就是坏的，懒得申请售后退货了嫌麻烦，但是肯定以后不会再买了。但是图得给大家看下。大家买之前借鉴下。京东自营这样，令我不敢相信，也很失望。
27207,jd,domestic,JD.com,洗发水,洗发水,,positive,,和我想像的大小有差矩，期待效果
34196,jd,domestic,JD.com,洗发水,洗发水,,negative,,商品用198-100的券买的，价格挺优惠，气人的是京准达没有按时送到，联系客服退运费几天了都没人理我，对京东的客服很失望?
45308,jd,domestic,JD.com,衣服,衣服,,negative,,质量差 后袋修补手工很差 发货速度也慢
11757,jd,domestic,JD.com,平板,平板,,negative,,9月26日*的，平板很震撼，就京东没诚信，网页显示下单有送保护套和钢化膜的，结果毛都没有，说晒单有送京豆*的，这次我晒单看有没有，没有的话再找京东！
32248,jd,domestic,JD.com,洗发水,洗发水,,negative,,这次京东的货太差，包装都烂完了，居然也发出来
26259,jd,domestic,JD.com,洗发水,洗发水,,positive,,东西是正品，京东自营商品物流真心赞一个，飞一般的感觉。
22694,jd,domestic,JD.com,水果,水果,,negative,,昨天降价到19.8，提交订单时涨价到20多，当时我怀疑被忽悠了
30929,jd,domestic,JD.com,洗发水,洗发水,,positive,,价钱合适，用起来可以，量很足，可以用很久
26672,jd,domestic,JD.com,洗发水,洗发水,,positive,,送货很快，第二天到贸。服务态度给百分。
17319,jd,domestic,JD.com,水果,水果,,positive,,25多元买的12个果，大的算一般规格，小的真的很小个！不是很实惠。
26405,jd,domestic,JD.com,洗发水,洗发水,,positive,,一直在京东买洗发水，这款真心不错，对油性发质来说不错，快递速度你懂的，好评！！
10500,jd,domestic,JD.com,平板,平板,,negative,,东西还行，毕竟就几百块钱的东西，不能和几千的去比。想说的就是京东的打包也太不负责任了，下面附图说明
46261,jd,domestic,JD.com,衣服,衣服,,negative,,穿着不太舒服 裤子也大了
9675,jd,domestic,JD.com,平板,平板,,negative,,差，，，，，，''，。？？还
46370,jd,domestic,JD.com,衣服,衣服,,negative,,什么售后服务要审核到哪时候去了？这真是太大了才要求换的，一件就算了我还买了3件！
48609,jd,domestic,JD.com,衣服,衣服,,negative,,刚刚收到货就降价*。真是让人心塞。 在也不会买了。
38889,jd,domestic,JD.com,衣服,衣服,,positive,,质量很好的，款式也不错，看起来高档大气，卖家服务还好，不错。
48853,jd,domestic,JD.com,计算机,计算机,,positive,,"昨天已收到本本,就把一个电脑高手朋友叫来...他下了一个测试软件对THINKPAD的温度、屏幕亮点等等一一测试后得出的结论是――性价比高，是个不错的本本。嘿嘿。。。心中窃喜~―~"
6472,jd,domestic,JD.com,平板,平板,,positive,,屏还蛮大的，可以通电话，设计人性化，用了一阵了，质量可以
44887,jd,domestic,JD.com,衣服,衣服,,negative,,太拉圾了还要我们自己付运费退货我还不能穿。晕倒
50465,jd,domestic,JD.com,计算机,计算机,,positive,,外观漂亮，键盘很可爱，16：9的屏看电影很爽，新机还是比较静音的，这个价钱买这么个机器还是很不错的。电池续航能力不错。
14801,jd,domestic,JD.com,手机,手机,,positive,,电话薄项目多！支持群组定义！
14627,jd,domestic,JD.com,手机,手机,,positive,,通话质量不错。屏幕显示效果比较出色。在线看电视节目，信号稳定，画面流畅。电池待机时间还算比较理想；
20570,jd,domestic,JD.com,水果,水果,,positive,,物流速度很快，苹果也很优惠，但是不是脆的那种，稍微带有一点点酸，小孩子，还挺爱吃。你，配送员速度也很快，态度也很好，直接送到家，不用这么重的水果，不用自己出去提，给京东点赞。
49263,jd,domestic,JD.com,计算机,计算机,,positive,,综合性价比绝对超过神舟的 有大牌的保证 最好的就是还有一年的意外全包 让人使用的时候超级放心 比我曾经用的家用机严重稳定细节方面家用机差的太远了 黑色永不掉色 耐看 大方美观
50907,jd,domestic,JD.com,计算机,计算机,,negative,,说明书写的比较简单，这款笔记本送的三星内存不知道该怎么装，虽然说明书上写了，但是由于没这方面的经验，所以打算去保修点让专业人士帮我装，所以稍微麻烦了点。
11902,jd,domestic,JD.com,平板,平板,,negative,,分辨率不是很满意 桌面图标都是虚的 感觉很不爽
13951,jd,domestic,JD.com,手机,手机,,positive,,"1.机身采用了优质磨砂材料，不易沾上油渍或指印； 2.屏幕表现力出色； 3.铃声音量较大； 4.拍摄效果清晰度高, 没有明显的噪点； 5.支持红外、JAVA、WAP和GPRS；"
29178,jd,domestic,JD.com,洗发水,洗发水,,positive,,这个居然是国产的，我以为韩国的呢。本身还行，不过我觉得没有the body shop 家的生姜水洗发水好用，毕竟那是明星产品。所以我每次洗两遍，希望能尽快用掉
13095,jd,domestic,JD.com,平板,平板,,negative,,太差劲了连个膜都没有坑人啊便宜没好货
33588,jd,domestic,JD.com,洗发水,洗发水,,negative,,差评，越洗越痒，假货
28991,jd,domestic,JD.com,洗发水,洗发水,,positive,,比在超市里买便宜多了，还没用过不知道，反正我一直用的是这个牌子，谢谢配送员
52071,jd,domestic,JD.com,计算机,计算机,,negative,,散热不佳，底盘的热量较大，硬盘基本在50度以上VISTA软件给的是家庭基础版，而不是介绍中说的家庭高级版（请京东给出解释～～）比较重，便携性差。
32775,jd,domestic,JD.com,洗发水,洗发水,,negative,,不便宜，从上面看空一段的。
51917,jd,domestic,JD.com,计算机,计算机,,negative,,整体做工比IBM低了一个档次，键盘键程短，反馈力度不足，怀念IBM的键盘。D壳做工像玩具。钢琴烤漆是一个不折不扣的指纹收集器，外观太时尚不够IBM沉稳，不适合进行商务活动。
23979,jd,domestic,JD.com,水果,水果,,negative,,差评！买的红心火龙果，切开是白心！已投诉
6408,jd,domestic,JD.com,平板,平板,,positive,,东西不错，大一点的手机的感觉。
15161,jd,domestic,JD.com,手机,手机,,negative,,晕倒，我的小U坏了，前些天只是偶尔开不了震动，以为是用机太狠了，所以没注意，昨天正常使用时，自己黑屏了，以为是没电了，赶快充电就一直也没开机，结果今天上午就开不了机了，晕。这机子哪里能找到下图铃的地方？都翻遍了，米有呢，天时达自己的网上写着有，但是进不去呢，唉，眼泪哗哗的了
46603,jd,domestic,JD.com,衣服,衣服,,negative,,后面那个皮带扣没穿两次就断了
19948,jd,domestic,JD.com,水果,水果,,positive,,东西不错，方便实惠，需要再来，配送小哥辛苦。
47224,jd,domestic,JD.com,衣服,衣服,,negative,,一样的价钱，货到付款你就能发京东，在线支付你给我发韵达，京东能送，韵达就要自提，在线支付是对你们的信任，你们却这样对待顾客，还说什么不去拿就退货处理，呵呵，卖家有脾气，下单需谨慎
41804,jd,domestic,JD.com,衣服,衣服,,positive,,面料柔软，这个价位值。老公穿上非常帅
46995,jd,domestic,JD.com,衣服,衣服,,negative,,大小不标准 垃圾货下次去桃宝买
7812,jd,domestic,JD.com,平板,平板,,positive,,机子挺好的，快递很快！
44177,jd,domestic,JD.com,衣服,衣服,,negative,,色差好像不是原配，原配右裤包手机位置出现红点，发来的不有红点，仁还一起够二！
6456,jd,domestic,JD.com,平板,平板,,positive,,刚到手，包装全新未开封。开机机子全新的没瑕疵，不得不说京东的快递真心快，18号下单19号上午就收到，用好了追加评价
14857,jd,domestic,JD.com,手机,手机,,positive,,"全银色的机身搭配纯黑色的背景，很有气派!粗而短的天线也很有个性!屏幕大,还有翻页,看东西很方便!手写功能也不错,手感好，反应快。屏幕显示的图片效果出众，字体也是端庄秀丽,不愧为顶极的26万色屏幕。拍摄没有过多花哨功能,重要得是清晰度,无论远景近景，颜色比较逼真!"
10360,jd,domestic,JD.com,平板,平板,,negative,,内存根本就不够，也就10个G这样的，性能也不怎么样！夜晚拍照没法看·
41298,jd,domestic,JD.com,衣服,衣服,,positive,,质量不错，款式很喜欢，发货快，包装很好
34948,jd,domestic,JD.com,洗发水,洗发水,,negative,,不好用，有股异味………………
16676,jd,domestic,JD.com,水果,水果,,positive,,最近一直在京东生鲜买水果，品质有保证，价格合适，全程冷链物流，物流也很快
25533,jd,domestic,JD.com,水果,水果,,negative,,手机还没用十天就有质量问题，还不能退货了，赠送的30天退货保险还需要什么质量检测证明，我曹的！完全没有原本的退货方便，**！
49723,jd,domestic,JD.com,计算机,计算机,,positive,,非常不错的笔记本电脑，里面还配了一个原装鼠标，属于意外惊喜，呵呵！
49792,jd,domestic,JD.com,计算机,计算机,,positive,,惠普的商用本散热还是很不错的，这款b系列的本也不例外。外观简洁，银灰色，很喜欢。做工很精致，屏完美。
46088,jd,domestic,JD.com,衣服,衣服,,negative,,什么破衣服，说是加绒的狗屁比纸还薄，最失败的一次购物，拿回来就当抹布用了，就当我倒霉吧，一星都不给
30838,jd,domestic,JD.com,洗发水,洗发水,,positive,,送货很及时，洗发水很好！！！！！
44096,jd,domestic,JD.com,衣服,衣服,,negative,,写的修身裤，结果是有弹性的紧身裤！烦躁！很失望！买的时候139！没多久就99！失望！
15073,jd,domestic,JD.com,手机,手机,,negative,,1.机身稍厚； 2.没有充分地利用内存，机身仅能存储200个电话号码和十几首铃声； 3.没有红外线接口；
24961,jd,domestic,JD.com,水果,水果,,negative,,京东很好，可是部分客服人员素质真的有问题，直面顾客这么重要的岗位上人事安排有问题，再大再好的公司也经受不起，京东的管理者们，可以醒醒了。
15301,jd,domestic,JD.com,手机,手机,,negative,,声音效果不行，用免提接电话，有杂音；而且来电铃声偏小，在吵闹的地方很不容易听到；还有内置的铃声不怎么好听；没有自编铃声功能；又无法下载！除此以外，就是本身没有内存，只能靠SIM卡仅有的内存来维持！
8876,jd,domestic,JD.com,平板,平板,,negative,,买起就是给看电影的，结果看电影卡的死，卡卡卡。。。
48848,jd,domestic,JD.com,计算机,计算机,,positive,,相当不错，行货就是质量有保证。至于价格的话，实惠，虽然比水货要贵一些。蓝牙、摄像头、指纹也不是必须的
34718,jd,domestic,JD.com,洗发水,洗发水,,negative,,生姜洗发水，没有一点点生姜味道，效果差，不值这个价格！
46096,jd,domestic,JD.com,衣服,衣服,,negative,,不行，跟图片上不一样，骗子。
50174,jd,domestic,JD.com,计算机,计算机,,positive,,性能稳定，好用，但是装系统比较麻烦了点，不懂电脑的人很难装这个系统
30245,jd,domestic,JD.com,洗发水,洗发水,,positive,,滋源洗发水很不错 用券买的很划算
11666,jd,domestic,JD.com,平板,平板,,negative,,手机很差，我编辑半天手机的问题所在，京东竟然说有违心词语不能发表，我也就只能呵呵了！下次买这些个贵重物品还是换地方吧！如果要没这手机还是三思吧
48580,jd,domestic,JD.com,衣服,衣服,,negative,,垃圾 垃圾 垃圾，重要的是说三遍。网购最差的一次没有之一！！！布料一般，垃圾的是褪色非常严重，收到货连袋子里都全是黑色染料，气味很难闻。以为洗了就没事，没想到洗了八盆水，洗过的水都还是黑的，前几遍更是跟墨汁一样。这裤子就像用墨水泡了几天直接就拿出来卖一样。好评估计都是刷的，几十块钱我是懒得退了，大家千万别买。一星是给快递的！！！！???
8546,jd,domestic,JD.com,平板,平板,,positive,,用着可以，差不多系统通用，安装方便。要是送保护套就好了。
7968,jd,domestic,JD.com,平板,平板,,positive,,感觉内存买小了，不够用
14614,jd,domestic,JD.com,手机,手机,,positive,,现在它的价格很低不到1000元，才899元，红色的很可爱
48911,jd,domestic,JD.com,计算机,计算机,,positive,,1.这个配置很对的起这个价格，京东的活动很好 2.送货还算OK，现在搞活动，下单后3天能拿到还可以，京东送货已有进步 3.电脑速度很快，开关机都很快，运行VISTA也没问题
12183,jd,domestic,JD.com,平板,平板,,negative,,靠，模都没有，靠真是裸机，平常买手都有模，还有触感不好，点击不灵。
11556,jd,domestic,JD.com,平板,平板,,negative,,真心不是很满意，产品做工很差，屏幕边框起泡，买来用了不到一个月就掉漆了，太垃圾，差评都不想给
14776,jd,domestic,JD.com,手机,手机,,positive,,1.外型还可以，从大小、做工以及手感来说的话，算是比较不错的，外壳的接合处还比较紧。充电接口保护套比较严实。而且我觉得颜色也还不错，比较大气。屏幕灯光没有采用对眼睛比较刺激的蓝色，而是象西门子一样的琥珀色，比较柔和，长时间眼睛看也不会累。2.短消息功能比较强大，虽然目前小灵通还不能和手机互发短消息，但是就这款机器而言，它的短消息设计的还是不错的，首先，可以存100条收，100条发和10条草稿；其次，在写短信里面，也有不少可圈可点的，按下“#”后，会发现有标点符号、绘文字、常用短语、特殊符号、动画几项，没一项里面都有不少可以选择的，我觉得动画比较有意思，但是目前还不知道它和其它的机器兼不兼容。3.电话本还算可以，有200的容量，相信应付一般的用户足够了，可以分组，包括：家庭、朋友、同事、同学、重要人士、合作伙伴、其他和黑名单，可以为每组设定不同的铃声。4.四方向导航键还不错，在待机下不同方向按有不同的用处，包括已接、未接、以及当前的铃声设定，值得一提的是往左时会有6个比较常用的菜单选项。
6541,jd,domestic,JD.com,平板,平板,,positive,,平板刚收到，打开用感觉很不错，支持国货，
13909,jd,domestic,JD.com,手机,手机,,positive,,外观很有特色，特别是弹出式屏幕和左右侧面的布局，很时尚前卫。
35081,jd,domestic,JD.com,洗发水,洗发水,,negative,,不好用，感觉不像是真的，和商场里卖的有区别
49053,jd,domestic,JD.com,计算机,计算机,,positive,,整体上感觉还行吧，性价比较高，毕竟这个价位买到这样的机器还可以了。刚刚买，正在熟悉中
45645,jd,domestic,JD.com,衣服,衣服,,negative,,裤子颜色都搞错，裤子质量很是一般，根本不值这个价。
14265,jd,domestic,JD.com,手机,手机,,positive,,外型很适合男士用
39176,jd,domestic,JD.com,衣服,衣服,,positive,,质量超级好，超级喜欢，物有所值，准备再买一件，大家不要犹豫了，很好的，男盆友很喜欢
39867,jd,domestic,JD.com,衣服,衣服,,positive,,宝贝已收到！我非常喜欢，大小合适，店家服务很好！描述与货物没有差别！快递也很给力！
33390,jd,domestic,JD.com,洗发水,洗发水,,negative,,买假了！无语 外包装都被拆了 味道跟我在超市买的不一样
12460,jd,domestic,JD.com,平板,平板,,negative,,不到两周的新机器，已经弯曲变成曲面，不知道怎么说好！
47110,jd,domestic,JD.com,衣服,衣服,,negative,,尺码合适，做工也不错
35899,jd,domestic,JD.com,洗发水,洗发水,,negative,,*两瓶，说实话，价格上并无优势，商场做活动也是这个价！就是冲着赠送吹风机去的，谁知收到的却没有电吹风！瞬间感觉被坑了！洗发水用着一般，感觉没有清扬男士清爽去屑那款好用。保质期到2020年，这是我在京东买的最扎心的一次！凑合着用吧！
41436,jd,domestic,JD.com,衣服,衣服,,positive,,质量不错，穿着很合适，值得购买
31402,jd,domestic,JD.com,洗发水,洗发水,,negative,,这次发货速度慢的有点惊人了，
44669,jd,domestic,JD.com,衣服,衣服,,negative,,跟地摊货一样，质量太差了。
32230,jd,domestic,JD.com,洗发水,洗发水,,negative,,先不说产品怎么样，就说送的这把梳子吧！要么就别送要送就送把新的。结果送了一把梳子上面全部都是灰，明显是人用过的，而且是用了很长时间的一把梳子，超级恶心。看图片吧！
41247,jd,domestic,JD.com,衣服,衣服,,positive,,裤子质量很好，物流速度快。上身版型也很好。跟一百多的裤子一样。值得购买。买到就是赚到。
14710,jd,domestic,JD.com,手机,手机,,positive,,1：26万色屏幕显示效果很棒；2：支持动态拍摄，拍摄质量出色；3：支持动画待机，效果不错。
26240,jd,domestic,JD.com,洗发水,洗发水,,positive,,自从留长发我就选择潘婷了，发质越来越好，朋友都在羡慕我，而后她们的选择就是——潘婷了！
25729,jd,domestic,JD.com,水果,水果,,negative,,这苹果不值这个价格，不大有点像国光苹果，看图片挺好，实际真不咋地，也不甜，也不酸，没味，啃萝卜比这个都有味，个人觉得不好吃，真的很一般。
4807,jd,domestic,JD.com,平板,平板,,positive,,漂亮，小家伙喜欢。
31880,jd,domestic,JD.com,洗发水,洗发水,,negative,,一点都不好，，和水一样，，没沫的，，希望大家别买
14488,jd,domestic,JD.com,手机,手机,,positive,,优：贝壳式设计时尚。紫、蓝和淡黄三种背光灯。短信防火墙很好。
26133,jd,domestic,JD.com,水果,水果,,negative,,没啥味道，特别小特别小，千万别买，特别不值
49698,jd,domestic,JD.com,计算机,计算机,,positive,,杜比认证的音箱不错，一直以为本本的音箱很弱，收货后下载了一段变形金刚的高清预告片，效果就本本而言，相当不错了led的屏幕效果还是不错的，亮度好像均匀一点
8248,jd,domestic,JD.com,平板,平板,,positive,,很好，我很喜欢，送货快
33137,jd,domestic,JD.com,洗发水,洗发水,,negative,,用了一段时间，真心不好用，本来我不起头皮屑，现在满头头皮徐，恶心死了，天天洗头，用了几回不用了，慎重，想好再买
45720,jd,domestic,JD.com,衣服,衣服,,negative,,1、刚穿了一个下午，背心不是修身而是太小太紧了，像我这样的身材穿M码都很紧，夏天穿上会很热。我估计码数大小只是背心长短的问题，紧身的问题还是解决不了。 2、下单后，卖家发货只是填了张单，过了3天才把货物给快递公司（这段时间查不到任何物流信息）。而且选择的是世上最慢的EMS，从湖北发到湖南花费了整整7天，一共是10天。 3、以上所述，句句实言。
45558,jd,domestic,JD.com,衣服,衣服,,negative,,裤子太长而且裤脚有点大
15965,jd,domestic,JD.com,手机,手机,,negative,,换图片换不了，换铃声换不了，掉漆又特难看！还是718好用
28883,jd,domestic,JD.com,洗发水,洗发水,,positive,,第二次买套餐了，这次没有送的小瓶装的护发素，东西挺好的
33643,jd,domestic,JD.com,洗发水,洗发水,,negative,,不好，洗头第二天就痒了
6659,jd,domestic,JD.com,平板,平板,,positive,,不错，手机、手表、平板都是华为的了，支持国货钟爱华为
43625,jd,domestic,JD.com,衣服,衣服,,positive,,这个价位算可以的了，挺好的，质量不算次物流也快。好评
41369,jd,domestic,JD.com,衣服,衣服,,positive,,物流速度快，码数扁大一点，衣服也带长一点。细棉，车工整洁值得购买。
15559,jd,domestic,JD.com,手机,手机,,negative,,1，速度极慢。比我两年前用的名人慢很多很多！删除全部200条短信居然用了1分钟，恐怖！2，不方便使用，界面不友好。连接各项目的排序匪夷所思，缺乏常理，要很长时间才能掌握。发短信的时候选不同的用户很不好用，尤其是用来保存电话本的软件，其不易使用更是超乎想象。建议联想少投点广告，多投点钱在优质开发工程师上。3，傻大。4，售后差。400电话不受理售后，北京售后电话的人不了解新机型，问题要两天才给解答，谁等得了！！！差极了，气愤！！！
47793,jd,domestic,JD.com,衣服,衣服,,negative,,穿了一天裤腿上起毛了，大小也不合适！
14941,jd,domestic,JD.com,手机,手机,,positive,,这机子猛一看有点像NOKIA的7610，呵呵，对角对称的设计挺有意思。我选了部黑色的，感觉很有个性。一般机子都只注重正面设计，背面都忽略了，这只机子的背面我就超喜欢，黑底色，银线的几何图案特别显眼。光凭这样子，我就喜欢的不得了，呵呵。
28333,jd,domestic,JD.com,洗发水,洗发水,,positive,,一直在京东上买，老公用起来很好，和超市的一样，价格便宜很多，送
15777,jd,domestic,JD.com,手机,手机,,negative,,"续电时间短,一接来电就自动关机"
6293,jd,domestic,JD.com,平板,平板,,positive,,平板电脑很好用，昨天到的，用了半天，看电视什么一点不卡，清晰度也高，拿着就有分量，相信华为，手机也是用华为
46898,jd,domestic,JD.com,衣服,衣服,,negative,,不值那个价，料不好！线头多！
46697,jd,domestic,JD.com,衣服,衣服,,negative,,差，差，差，用了几次扔掉了
6730,jd,domestic,JD.com,平板,平板,,positive,,做工精细，麒麟930处理器，反应还是蛮快的，不卡。暂时没什么不满意的。
13996,jd,domestic,JD.com,手机,手机,,positive,,用了快半年了，目前一切正常，呵呵，赞一下，国产机能有这样的表现算不错了
14732,jd,domestic,JD.com,手机,手机,,positive,,第一印象是小巧、圆润，握在手中也很有质感，老婆说男士用其实也可以。烤漆面版也不容易沾上指纹，不错。做工很精致，体现了韩国的精湛技术。
12123,jd,domestic,JD.com,平板,平板,,negative,,屏显不清楚 很模糊
29424,jd,domestic,JD.com,洗发水,洗发水,,positive,,收到货了，很不错，应该是正品，亲戚正好来家里，说划算，送了两瓶给老人试试，到时候追加评价。
43178,jd,domestic,JD.com,衣服,衣服,,positive,,"包装很精致,和卖家描述的一致,卖家服务态度非常赞,发货速度也很快,很愉快的一次购物"
24177,jd,domestic,JD.com,水果,水果,,negative,,不好吃啊不好吃，这种是粉粉的那种，跟我吃过的红富士不一样！！！品种都被商家叫乱了！！！
15320,jd,domestic,JD.com,手机,手机,,negative,,1.不是只能手机2.不支持java3.待机时间短4.天价，就一个隐形功能就敢卖这个价5.电视里广告太恶心6.哗众取宠
24424,jd,domestic,JD.com,水果,水果,,negative,,这箱苹果可谓丧心病狂，收到的时候就是这样，京东全退款了，但是还是要如是评价。一箱就2个最小的没坏。果大小不一，和描述完全不一样，这样的货也能发出来，很震惊，这是第一次在京东买水果，这质量，完全没有再次购买水果的勇气。
43820,jd,domestic,JD.com,衣服,衣服,,negative,,黑色的裤子，洗几次就掉色了，差评
26851,jd,domestic,JD.com,洗发水,洗发水,,positive,,很好，一直都用这个牌子，味道不错，速度很快，快递小哥直接送到门口的，买套盒还多送了一小瓶
30353,jd,domestic,JD.com,洗发水,洗发水,,positive,,用起来挺好的，但是没有上一次做活动的时候，买的实惠了，不过真的不错
33552,jd,domestic,JD.com,洗发水,洗发水,,negative,,屁隔日达，等了5天才拿到，还发生包装损坏漏液，搞得那里都是
45993,jd,domestic,JD.com,衣服,衣服,,negative,,一般般啦，，，也就这样吧。。。。。网购要慎重。。。。。
34526,jd,domestic,JD.com,洗发水,洗发水,,negative,,瓶子很小，不是很大，还不如去实体店单买呢
43995,jd,domestic,JD.com,衣服,衣服,,negative,,不想多说什么 明明拍的是黑色的 给我发了个蓝色的 你们也是真瞎 不建议大家购买 质量也就那样
33639,jd,domestic,JD.com,洗发水,洗发水,,negative,,洗发水太难用了，一点也不防，很失败的一次购物
16568,jd,domestic,JD.com,水果,水果,,positive,,各位自己看吧，不坐评价，但是索赔售后不错
30387,jd,domestic,JD.com,洗发水,洗发水,,positive,,沙宣的东西看着很高大上，用起来也不错。活动时买的，很划算！会继续支持京东
18626,jd,domestic,JD.com,水果,水果,,positive,,第一次京东买水果，真的不错，包装很好，苹果个大脆甜，赞！
49233,jd,domestic,JD.com,计算机,计算机,,positive,,外观漂亮且是金属的，噪音也在可以接受的范围之内，基本上感觉不到，锁触摸屏的设计很人性化。
5716,jd,domestic,JD.com,平板,平板,,positive,,送货真快，晚上下单第二天中午就到了，还没用，用完后再评
39425,jd,domestic,JD.com,衣服,衣服,,positive,,衣服穿在身上挺舒适的，满意的一次购物
13119,jd,domestic,JD.com,平板,平板,,negative,,平板很好用，但是京东太坑人了，双十一之前这款平板还能用*新人优惠券，还送保护壳，到双十一凌晨买的平板就不能用新人优惠券了，也没有保护壳了，双十一比平时还贵，差！差！差！
21591,jd,domestic,JD.com,水果,水果,,negative,,京东物流十分不诚信，什么春节不打烊
50890,jd,domestic,JD.com,计算机,计算机,,negative,,质量有问题。 25号收到本本，今天早上是第二次放电后，就开不了机了 插上电源线后适配器灯亮，但笔记本上的提示灯不亮。 也不退了，我还是直接找华硕维修点吧
19718,jd,domestic,JD.com,水果,水果,,positive,,第二次购买，吃完就补货，昨晚下单今早到，快速，宝贝还是一样新鲜、脆口、甜心。
11616,jd,domestic,JD.com,平板,平板,,negative,,服务很差，平板没贴膜，送的外壳很垃圾，不能保护背部。唯一5星只剩物流，确实很快。
44583,jd,domestic,JD.com,衣服,衣服,,negative,,有些偏大，哎，也是ms可
28834,jd,domestic,JD.com,洗发水,洗发水,,positive,,还没有用，先用了绿色，感觉很好，用其他的洗发水头皮发痒！这个用了之后好多了，味道还可以，能接受，以为生姜的会有不好闻的味道，冲水也很好冲！少放点就好了?
31403,jd,domestic,JD.com,洗发水,洗发水,,negative,,为什么不去头皮屑，反而起头屑，这是什么去屑洗发水
26908,jd,domestic,JD.com,洗发水,洗发水,,positive,,一直在京东超市买清扬的洗护套装，觉得很实惠，质量也可以的
40453,jd,domestic,JD.com,衣服,衣服,,positive,,一直信赖花花公子，做工相当棒，穿着舒服，送货速度快，弹力挺大的，打算再买一条，比想象的好多了，
49177,jd,domestic,JD.com,计算机,计算机,,positive,,太多了 不一一细说 主要是价格合理 T4200感觉比我以前用的扣肉2 1.8主频的强多了 顶！ 在没有装东西之前感觉并不慢 30号晚上下的单，五一上午发货，下午自提，效率之高是我最应该赞的！
21141,jd,domestic,JD.com,水果,水果,,positive,,也是第二次购买了，口感纯正，新鲜
4337,jd,domestic,JD.com,平板,平板,,positive,,很不错的，快又便宜，值得一买
18834,jd,domestic,JD.com,水果,水果,,positive,,还不错，有几个皮有点皱，放比较久
42326,jd,domestic,JD.com,衣服,衣服,,positive,,裤子非常的好，这是第二次购买了，值得大家购买，而且裤子不起球，质量非常的好。
25196,jd,domestic,JD.com,水果,水果,,negative,,买了一箱三个坏了两个，?就不晒图了，以后再也不买了
20859,jd,domestic,JD.com,水果,水果,,positive,,送过来之后立马迫不及待吃了一个发现味道相当好然后我老婆也拿了一个首非常不错挺好的京东自营值得信赖
34760,jd,domestic,JD.com,洗发水,洗发水,,negative,,假的不能再假了，大家不要受骗，还一百呢，十块差不多
13232,jd,domestic,JD.com,平板,平板,,negative,,用了不到两个月就不能开机了 什么鬼机器 还自营
14404,jd,domestic,JD.com,手机,手机,,positive,,1.做工考究，手感不错； 2.屏幕显示效果不错； 3.铃声清脆、嘹亮； 4.电话本储存量较大，支持SMS、EMS和MMS； 5.拍摄功能强大，在每一种相片尺寸下都可以实现最大倍数的变焦； 6.支持JAVA、GPRS和红外；
14015,jd,domestic,JD.com,手机,手机,,positive,,性能卓越，外观时尚，设计另类极具特色，功能实用而齐全，音乐功能出色媲美iPOD，iRiver等高端MP3
32090,jd,domestic,JD.com,洗发水,洗发水,,negative,,比**速度慢10倍，经常要送一个多星期
13583,jd,domestic,JD.com,平板,平板,,negative,,手机还行 就是没有配耳机线这点表示很无奈 买给老人家用 冲着华为 品牌买了三台 后期再来评价
52548,jd,domestic,JD.com,计算机,计算机,,negative,,2009-5-3 17:25:00下的单，在天津一个星期才送到的，订单上写的是京东送货，但打过去一问是总部找的第三方送货公司，态度恶劣，还不如自提呢
46978,jd,domestic,JD.com,衣服,衣服,,negative,,物流慢，衣服也没上面的好。
32319,jd,domestic,JD.com,洗发水,洗发水,,negative,,大瓶的还好，小瓶的不行
45365,jd,domestic,JD.com,衣服,衣服,,negative,,卧槽，无语了，换个衣服半个月了没见音讯，找客服也不见回复，算了，当给叫花子了，亲们！你们还敢在这家点买么
42645,jd,domestic,JD.com,衣服,衣服,,positive,,裤子收到了，还不错穿上很合身舒服。店家的服务态度也很好不错，下次还选这一家
19224,jd,domestic,JD.com,水果,水果,,positive,,个大，均匀，尺寸达标，口感香脆
43398,jd,domestic,JD.com,衣服,衣服,,positive,,竟然有这么好的做工，细节处理的很好，即使是跟几百块的大品牌裤子比做工也不逊色，做工细腻，好。
41196,jd,domestic,JD.com,衣服,衣服,,positive,,很喜欢这个纯色的T恤，买了两件，质量很好，可惜双十一还少了将近*，哈哈
50141,jd,domestic,JD.com,计算机,计算机,,positive,,thinkpad的品质还是有一贯保证的，不过和原来ibm相比真是有差距了。京东的价格还是比较实惠的。物流速度也比较理想。
41234,jd,domestic,JD.com,衣服,衣服,,positive,,给力 很合适 穿着舒服 老公超级喜欢 还会在来
19336,jd,domestic,JD.com,水果,水果,,positive,,嗯 ，不错。嗯 ，不错。嗯 ，不错。嗯 ，不错。嗯 ，不错。嗯 ，不错。嗯 ，不错。嗯 ，不错。嗯 ，不错。嗯 ，不错。嗯 ，不错。嗯 ，不错。嗯 ，不错。
14588,jd,domestic,JD.com,手机,手机,,positive,,"我觉得迪比特5688这款手机价钱又经济,外观又不会落伍,画面又清晰"
23834,jd,domestic,JD.com,水果,水果,,negative,,图在下面，大家可以对比下，上面一排5个的是34.9元9个的，有2个还有皱纹，下面的全是29.9元12个的，口感一样，品种一样，想问问京东，差在哪里，差在哪里，更贵的更小，看不出来么？···不要说什么礼盒包装区别，一样的盒子，9个的是白色纸盒，12个是大红色纸盒，里面一样有间隔和泡沫保护袋的。
51358,jd,domestic,JD.com,计算机,计算机,,negative,,"刚收到,发现键盘有些松,触摸屏太难按了,最主要的是开机的时候打开和关上光驱导致系统蓝屏,不知道是不是这个原因 , 其他的到目前为止正常."
52161,jd,domestic,JD.com,计算机,计算机,,negative,,外壳材质略粗糙；外壳厚度较薄；单声道的喇叭很不人性化；但对这样的价格而言还算可以。
12705,jd,domestic,JD.com,平板,平板,,negative,,刚买后的第二天就开始送东地西了。难过哦难过/难过
49089,jd,domestic,JD.com,计算机,计算机,,positive,,配置不错，性价比还可以，屏幕比我另一部Y430还好，尽管都是LED的
51608,jd,domestic,JD.com,计算机,计算机,,negative,,"硬盘分1个区实在无法接受。随机的1G内存上vista很吃力，加了2G后飞快。 Vista下无法分区，分区软件都不兼容，没办法换回了XP,预装了一个没用的系统。"
36141,jd,domestic,JD.com,洗发水,洗发水,,negative,,假的吧，洗了头痒！正品不会这样的，本来很信任京东的，没想到也是假货遍地！
5225,jd,domestic,JD.com,平板,平板,,positive,,呵呵还不错挺好的
21672,jd,domestic,JD.com,水果,水果,,negative,,难吃，一点没有水果味，而且不甜。吃起来还有种放了很久的味道，太失望了，水果还是得到水果店试吃了再买
14753,jd,domestic,JD.com,手机,手机,,positive,,待机时间比较长！铃声虽为单声，但和我以前那个单声小灵通相比，还是比较满意。电话薄比较大，可以存储200条。
5064,jd,domestic,JD.com,平板,平板,,positive,,"同事推荐的，所以趁着活动赶紧入手。感觉还是很不错的,8.4寸的屏幕，不大不小，刚刚好。麒麟950的cpu，运行也挺快的，拿来王者也是不错的。哈哈哈。还可以拓卡。值得推荐。买的套淡淡的粉，感觉也还行吧，不过可能会考虑入手一个硅胶套，用着比较方便。"
14758,jd,domestic,JD.com,手机,手机,,positive,,1.内外双真彩彩屏，显示效果尚好2.按键灵敏，手感较好3.功能较多，实用性强4.64和弦铃声效果不错，声音洪亮，即使身处嘈杂的环境也不会轻易错过来电。但手机的信号接收感觉不是很好，经常会在同样场合比其它手机信号弱。另外感觉手机的反应速度稍慢，经常会在打开手机翻盖后屏幕和键盘仍然黑着，需要短时间的等待。
44236,jd,domestic,JD.com,衣服,衣服,,negative,,最最关键的是不怎么样啊 到处是线头
14298,jd,domestic,JD.com,手机,手机,,positive,,1 感觉外观还可以，符合我的要求，体积虽不算小，但比它大的翻盖手机还是很多的。2 比一张IC卡比较要小，厚度也还可以。键盘很漂亮，按键键盘面是平的，屏幕一般不会碰到按键，设计的很好。3 。。。一堆呢，不说了
18390,jd,domestic,JD.com,水果,水果,,positive,,苹果包装精美，基本上没有什么大问题，就是个别有黑点
23333,jd,domestic,JD.com,水果,水果,,negative,,苹果打了太大蜡，有的有黑点，放在任何水果店都是最难看的那种
50073,jd,domestic,JD.com,计算机,计算机,,positive,,1.硬件整体配置相当不错。CPU 显卡尤为突出。独显512M，相当不错 2.外观模具，也是一个亮点。
51601,jd,domestic,JD.com,计算机,计算机,,negative,,右手腕那里有一个口，貌似读卡器扩展口，没盖板，难看。 做工马马虎虎，本本抱在身上用的时候会觉得手腕磨的疼，主要是因为边角太锐。
21908,jd,domestic,JD.com,水果,水果,,negative,,不是太满意，还不如之前23块钱三个的，三个果有两个还行
48592,jd,domestic,JD.com,衣服,衣服,,negative,,裤脚太大，一点都不修身。穿起来好宽松。腰围合适。
49908,jd,domestic,JD.com,计算机,计算机,,positive,,外观漂亮，13寸黄金比例，悬浮键盘设计，噪音很低，和我公司发的Dell相比，非常安静，摄像头的效果也算满意。
29791,jd,domestic,JD.com,洗发水,洗发水,,positive,,运输时有溢出，显然没有包装好给我，闻起来挺香的。我喜欢。
21939,jd,domestic,JD.com,水果,水果,,negative,,"难吃，价格贵。,非常上当"
52113,jd,domestic,JD.com,计算机,计算机,,negative,,就是801.11n的无线网卡不容易找路由器搭配。 对京东发货速度有点不满意，订单4天后才能够在ems网站上找到信息。ems走的挺快。下订单后5天收到货。货从ems网站查只走了一天。
51627,jd,domestic,JD.com,计算机,计算机,,negative,,sl400的问题网上很多，可以参考，无线容易断网，启动的时候很响
13113,jd,domestic,JD.com,平板,平板,,negative,,买了之后我就后悔了！垃圾
52337,jd,domestic,JD.com,计算机,计算机,,negative,,外形尺寸偏大，有点像13寸本子的模具，钢琴漆面外壳容易划伤。 而且刚买完一周就降了100.
23044,jd,domestic,JD.com,水果,水果,,negative,,12个苹果，就有两个坏的，还不怎么甜
14634,jd,domestic,JD.com,手机,手机,,positive,,40和旋，铃声大，键盘手感好
10942,jd,domestic,JD.com,平板,平板,,negative,,这是不是二手的，机子上有划痕
31969,jd,domestic,JD.com,洗发水,洗发水,,negative,,产品还OK，就是这个包装，已经不能用一星来评价了，太垃圾的包装了，还有东西都漏出来了，我都没有拍照，如果不相信可以核实送的人员，还有居然用邮政，也是慢慢的，醉醉的
10645,jd,domestic,JD.com,平板,平板,,negative,,平板做工还可以.但总得来说一般.功能手机也基本可以满足.我在挖掘下...不行就....
35296,jd,domestic,JD.com,洗发水,洗发水,,negative,,不好洗个头发过了一天头痒死了！头皮屑还比以前多了
50808,jd,domestic,JD.com,计算机,计算机,,negative,,京东客服太差，一直打不通，因为是装的DOS，还要自己重装，再这样下去会让很多电脑小白转向实体店的。
15133,jd,domestic,JD.com,手机,手机,,negative,,键盘方面：布局较为合理，感觉略显偏硬（大家手感不同）摇杆有些松但使用不错，没有大家提及的帽头脱落及不灵敏现象，听说摇杆易坏所以我尽量用其它键代替。铃音方面：由于扬声器与听筒做在一起又是单声道所以效果一般，即使做成机器所要求的8000、8位的WAV铃音，高音部分沙哑感仍明显，（AMR窄带模式效果不如WAV）所以只有找几首声音不太高的歌。也许换一个高质量的扬声器问题可以解决毕竟有四十和铉嘛。包装做工方面：包装有些粗糙，那个小盒子的确不太像样，说明书也很薄讲得不细致，很多功能要靠自己用机摸索。机器做工还说的过去，后盖松动是通病不过用挂绳就可以绑紧。性能方面：：感觉不错支持红外数据线，内存8M多就价位来讲挺大的了，买了一个红外适配器感觉传输图片音乐性能稳定，没有中断现象。商务助理功能强大，附加功能中也有很多实用功能。通讯录每条名下可存多条有关信息，短信可移动到短信文件夹增加存储量只是不能够有相同名字（机器自动给予编号）要是和收件箱中一样不用打开就显示发信人姓名且滚动显示一段内容就好了。
39079,jd,domestic,JD.com,衣服,衣服,,positive,,裤子很好 质量不错和图片一样 还会再光顾的
39621,jd,domestic,JD.com,衣服,衣服,,positive,,裤子收到了，质量很不错，和图片一样，穿上挺好的，好评。。。。
41442,jd,domestic,JD.com,衣服,衣服,,positive,,嗯，还可以。很简洁干净。喜欢素色的衣服，不花哨！好评
5161,jd,domestic,JD.com,平板,平板,,positive,,买的套装，晚上下的订单，第二天早上就到了，京东的物流就是这么快这么省心！拆开后试用了一下，虽然是2G的内存，但新机还是挺流畅的，同时有华为EMUI5.1系统的加持，相信用长时间也不会卡顿。买给小孩用的，看中的这款护眼功能，分辨率也是够用了，毕竟是9.6的屏幕。物美价廉，好评推荐！
42849,jd,domestic,JD.com,衣服,衣服,,positive,,穿着挺合身，也挺好看的，质量不错
6834,jd,domestic,JD.com,平板,平板,,positive,,很好用，质量不错，值得
43411,jd,domestic,JD.com,衣服,衣服,,positive,,很不错的牛仔裤，很有弹性，很喜欢
24572,jd,domestic,JD.com,水果,水果,,negative,,不甜就算了，给点酸味也好啊！连个味道也没有都不知道吃的是什么东西
25896,jd,domestic,JD.com,水果,水果,,negative,,给父母买的，居然有坏的。太不好了。
27385,jd,domestic,JD.com,洗发水,洗发水,,positive,,东西收到，快递哥服务质量很好，东西还没用，不过看包装应该是正品，不错下次再买。
3876,jd,domestic,JD.com,平板,平板,,positive,,物流快，轻薄，速度快，适合老人小孩看视频和玩小游戏，这个价格不错！
13675,jd,domestic,JD.com,平板,平板,,negative,,非常不满意的一次购物。无产品说明书，无保修卡。平板暂时未出现问题。送货及时，包装简陋
13394,jd,domestic,JD.com,平板,平板,,negative,,一颗心都不想给，垃圾，才用一两个月就出现花屏，比山寨机还垃圾，华为大品牌也不都是好东西，客服爱理不理的，
18137,jd,domestic,JD.com,水果,水果,,positive,,问贵号订的苹果儿收到啦!东西包装的很好，卖家和客服服务态度也很热情呢，还有物流速度和配送员送货速度都很快，总之这次购物由于各方都很棒，所以我们也心情舒畅，准备晚上家人品偿后再加大力度多买些;邀请亲朋好友来团购哦?!
39927,jd,domestic,JD.com,衣服,衣服,,positive,,我感觉还不错，媳妇说不好看？？？郁闷
14189,jd,domestic,JD.com,手机,手机,,positive,,我是刚买这款手机的，总体感觉他很不错的。
39116,jd,domestic,JD.com,衣服,衣服,,positive,,质量非常不错，穿起来很舒服。
24788,jd,domestic,JD.com,水果,水果,,negative,,就是图片的样子，感觉被骗了，再也不买了
34224,jd,domestic,JD.com,洗发水,洗发水,,negative,,都漏出来了。不知道客服给不给换，第二次赶上这样了。
49309,jd,domestic,JD.com,计算机,计算机,,positive,,1、收货包装完好，配件齐全 2、性价比高 3、LED显示屏不错，未发现坏点 4、造型看着很轻便简洁
19774,jd,domestic,JD.com,水果,水果,,positive,,华圣苹果总体还是可以的，赞一个。
14454,jd,domestic,JD.com,手机,手机,,positive,,内置数码相机，可以进行简单的拍照！原装配件较全：包括一电一充和耳机等！有彩信功能！有来电防火墙功能！内置电子字典！支持数据线下载功能！支持声控语音拨号！有录音功能！
52303,jd,domestic,JD.com,计算机,计算机,,negative,,内存应该升级2G才好，另外买完就降价300大洋。比较郁闷。驱动还算好找，就是华硕的客服不太满意，告诉他音箱声音太小，他说什么叫不影响使用就好！暴郁闷！
27013,jd,domestic,JD.com,洗发水,洗发水,,positive,,包装的很好，京东送货就是快，昨天下午三点多才下单，今天中午就收到了，前后一天的时间都不到，太神速了 打开味道也好闻，期待用后的效果
19760,jd,domestic,JD.com,水果,水果,,positive,,个人认为非常好，价格合理送货上门，苹果包装以及果实都赏心悦目，希望口感也不错，而且发现了一个比较贴心的变化，收件人姓名及电话中间的部分用了笑脸符号代替，再也不担心丢纸箱时忘记撕下了，必须5星好评！
50111,jd,domestic,JD.com,计算机,计算机,,positive,,便携，干净好看；电池续航能力相当优秀；华硕的一键恢复是相当实用和优质的，尤其对于没有内置光驱的网本来说；键盘设计较合理，华硕的浮岛式键盘的笔记本电脑还是比较少的，希望这款不只是尝鲜之作；硬盘160GB比较可以，10GB的网络硬盘我还没有太多尝试，但估计也不错；130W的摄像头足以应对大部分情况下的视频输入；预装了XPH SP2正版系统，不错；最重要的一点，赶在7月1日前买，没有装绿坝，很好很强大。
9626,jd,domestic,JD.com,平板,平板,,negative,,才20天，就出现声音变小的症状，特别不好，都别上当了
52027,jd,domestic,JD.com,计算机,计算机,,negative,,USB接口太少，只有两个，而且都在机身右下角位置，外接一个USB鼠标就会觉得很碍事――当然换成蓝牙鼠标就好了。
31676,jd,domestic,JD.com,洗发水,洗发水,,negative,,假的，没有赠品，京东竟然也是这样
23853,jd,domestic,JD.com,水果,水果,,negative,,都蔫了，两个大小差太多，还没有吃了，很失望
14194,jd,domestic,JD.com,手机,手机,,positive,,"1，屏幕大且细腻。大屏幕不仅很给自己带来旁人羡慕的眼神，而且就是自己看着也很舒服，尤其是比我原来的V66大了一倍还多。看短信时经常不用翻页就可以看完一条。大M屏幕的细腻程度直逼65K色的TFT，几乎找不到颗粒感。总之大M给人的视觉享受是一流的，唯一的不足只是STN屏幕不可避免的亮度不够。不过感觉瑕不掩瑜。2，32和旋果然不负众望。尽管自带的铃声不太好听，不过下载的铃声一经大M演绎，表现力极强。3，平衡全面的功能。基本目前手机中应有的功能大M都到了,OF COURSE EXCEPT JAVA ，动态内存AND摄像头，尤其是一般高端机才配备的红外线传输功能大M也做到了，丰富了扩展能力。"
26100,jd,domestic,JD.com,水果,水果,,negative,,京东现在越来越差，卖假货，快递也不送货上门，客服爱答不理，一点责任心都没，机械式回答，就因为你们客服的态度，以后不会再用京东。我是钻石会员，一年时间消费近5万，而且京东金融小金库里放了70多万，以后都不用了！知道你们不在乎我一个人，但你们忘了客户选你们的原因，最终会自取灭亡！再也不见！越来越差的京东！
15912,jd,domestic,JD.com,手机,手机,,negative,,我的机子莫名其妙的变成哑巴，只有震动，没有铃声、图片、FLSH、照片无法储存，这种现象已出现第三次了，每次都返厂修理。最后一次作为垃圾抛弃。谁要再买着机子简直就是眼瞎了
48907,jd,domestic,JD.com,计算机,计算机,,positive,,价格真的是没话说，我的同事都羡慕，也是我买的主要原因。 键盘好靓，太漂亮了，很炫。
15104,jd,domestic,JD.com,手机,手机,,negative,,货烂！售后服务差得很！大家别上当哦！
18274,jd,domestic,JD.com,水果,水果,,positive,,很好的，价格也便宜的，我都吃了两个了，下次还要来买
15948,jd,domestic,JD.com,手机,手机,,negative,,买来机子时候，配有2块电池跟1个旅充，没有座充的？！即使配了2块电池也不方便啊，还是要在手机上充电。通话声音也不好，太小了，听电话费劲，不过这机子的样子做的还是很讨喜的
35241,jd,domestic,JD.com,洗发水,洗发水,,negative,,发票居然是假的，估计买的东西也是假的
6701,jd,domestic,JD.com,平板,平板,,positive,,这价钱，符合预期。 感觉就是屏幕反光比较严重，可以当镜子用，建议贴磨砂膜，这样显示效果会稍微差一点，但至少不会反光。
52762,jd,domestic,JD.com,计算机,计算机,,negative,,散热设计一般，左下部发热量较大。屏幕一般，看久了有想吐的感觉。触控板的灵敏度比较差
16091,jd,domestic,JD.com,手机,手机,,negative,,有回音而且回音很大，很讨厌，并且售后服务态度极其恶劣！奉劝大家千万不要上当啦！！！我就是一个受害者！！！
46970,jd,domestic,JD.com,衣服,衣服,,negative,,来来来，店家来告诉我，为毛我穿的裤缝不对称？说好的打折，却寄来两件不一样的质量的衣服！呵呵，我也不说什么了，真特么垃圾！手指的地方就是裤缝！
14743,jd,domestic,JD.com,手机,手机,,positive,,屏幕比较清析，功能较齐全．
4147,jd,domestic,JD.com,平板,平板,,positive,,给父母拍的，很喜欢?。手机速度不是很快，不过这个价格已经可以了。华为千元机拍照都差别不大。重要的是，现在京东快递服务不如以前了。快递员给你打个电话，就把货放在邮政代收点了。居然像手机这样的也放到外面的快递货堆上。
11527,jd,domestic,JD.com,平板,平板,,negative,,厚一点的塑料膜就是钢化玻璃膜吗？
26423,jd,domestic,JD.com,洗发水,洗发水,,positive,,两层纸盒包装的快递，不错不错，一打开就闻到香香的，
30033,jd,domestic,JD.com,洗发水,洗发水,,positive,,看着不错，还没使用，用过在追加
47610,jd,domestic,JD.com,衣服,衣服,,negative,,没有想象的那么好，图片和实物换是有差异的
34857,jd,domestic,JD.com,洗发水,洗发水,,negative,,之前买了一次，因漏液申请了退货，退款后又重新拍了，没有想到又将退回的货发给了我。之前还有张票，这次连票都没有。无良商家，真是太恶心了。
25244,jd,domestic,JD.com,水果,水果,,negative,,第二次买了，但是比第一次难吃很多，明明是用之前那个链接直接再次购买的。
29425,jd,domestic,JD.com,洗发水,洗发水,,positive,,赶上活动买的 还没用 不过很合适 送货很快 很满意 以后还会再来的 好评 以前没用过 期待中
22701,jd,domestic,JD.com,水果,水果,,negative,,又小又丑 同等价格可以买市场上最大个的。一点也不值
26332,jd,domestic,JD.com,洗发水,洗发水,,positive,,我经常用的洗发用品～～家庭装合算～～全家喜欢～～京东商城给力～～快递员很给力～～感谢风雨无阻的奔波
4356,jd,domestic,JD.com,平板,平板,,positive,,体验不错，屏幕分辨率超级好，音效特别棒，指纹识别有时候不太灵敏，赠送的贴膜有点垃圾，32G内存实际只有20多点，不太够用，还有要3个多小时，特别慢，不过待机时间长。
20296,jd,domestic,JD.com,水果,水果,,positive,,又大又好，新鲜，只有在这上面才买的到这么好的果子。
20490,jd,domestic,JD.com,水果,水果,,positive,,这个有点偏小。。。甜度凑合凑合吧
39011,jd,domestic,JD.com,衣服,衣服,,positive,,宝贝收到了，给男朋友买的，穿起来还不错。大小刚合适裤子是有弹性的，面料很舒服，可以放心购买偶。
11605,jd,domestic,JD.com,平板,平板,,negative,,促销的东西 质量和快递速度真让人心累 等一个月 残次品！
36017,jd,domestic,JD.com,洗发水,洗发水,,negative,,还不错，刚用了一次，用用在说
43550,jd,domestic,JD.com,衣服,衣服,,positive,,裤子很合适，显得很职业范儿，笔直有型不易起皱，面料舒服暗斜纹，很好看。好评
25428,jd,domestic,JD.com,水果,水果,,negative,,对于潘石屹，我只想说，你还是好好炒房吗，种好苹果你是骗人的，别人我说一分价钱一分货，我看中你的招牌，你是自砸招牌，傻缺
39372,jd,domestic,JD.com,衣服,衣服,,positive,,收到货了，没想到和图中的一样的，裤子超赞的，真是棒棒哒！很满意的一次购物呢！
23762,jd,domestic,JD.com,水果,水果,,negative,,质量非常差劲，一点都不甜，又小，大家千万不要买了！
51208,jd,domestic,JD.com,计算机,计算机,,negative,,AMD的处理器发热偏大，显卡好像不支持VISTA的半透明效果，效果大打折扣，本身性能也较低，要是有intel+nidia的版本就完美了。
25352,jd,domestic,JD.com,水果,水果,,negative,,实在是苹果太小而且很脏，与图片不符
18690,jd,domestic,JD.com,水果,水果,,positive,,可以带皮吃，很好，没有打蜡，一箱里面也一个不是同一品质，看起来皮有点糙，总体不错，还会再购买。
26568,jd,domestic,JD.com,洗发水,洗发水,,positive,,活动时候买的，感觉挺合适的，一直在用清扬，挺好用的！赠了几瓶小瓶特别适合出去玩带着用！客服也很贴心！物流速度也可以！
39010,jd,domestic,JD.com,衣服,衣服,,positive,,做工扎实，面料厚实，防风防水，值得推荐
4503,jd,domestic,JD.com,平板,平板,,positive,,物流很快，几小时就到货了，我个人觉得Wi-Fi版好用
52046,jd,domestic,JD.com,计算机,计算机,,negative,,电池续航时间标配2-5小时，在视频期间仅用1小时40分钟左右，不知何故？
16097,jd,domestic,JD.com,手机,手机,,negative,,电话一旦接通后根本无法根据语音进行操作（因为根本找不到键盘了），也无法回到拨号界面，这么低级的错误真不知道厂家是怎么设计的，好像CECT其他手机都可以在通话同时继续操作，只有这一款不行，居然还让用户一次把所有分机号全拨了再呼叫，那我反问一句“我要给手机充值得一次拨多少个号码啊！！”而且一个号都不许错！！错了全部冲来，这不是拿用户当傻子么！！！
22356,jd,domestic,JD.com,水果,水果,,negative,,也不知道是包装的味道还是水果味道，怪味太重了！放了好几天味道也散不去。
11466,jd,domestic,JD.com,平板,平板,,negative,,用了10多天就中病毒了
4987,jd,domestic,JD.com,平板,平板,,positive,,还行，比较流畅，正在熟悉系统。
11250,jd,domestic,JD.com,平板,平板,,negative,,受到货物非常差上火，游戏根本难以运行外观也不好看。还有瑕疵感觉买单翻新的，妈的什么也不送就一台机子。
14836,jd,domestic,JD.com,手机,手机,,positive,,1.外观设计简约，凝练。2.做工细致，细节部分充分体显出这点。3.大按键设计手感还不错。
34253,jd,domestic,JD.com,洗发水,洗发水,,negative,,说好的赠吹风机的，结果没收到，问客服也不回话。京东啊，也就这么回事。
14158,jd,domestic,JD.com,手机,手机,,positive,,"第一次深度接触三星的手机,感觉相当不错.我LP在4月份买的anycall E738, 她用下来不错,所以一直鼓动我买三星的手机.后来经过长期观望,终于下定决心买了X820.我在淘宝上买的水机,是韩国原装.价格2000出头,很值.在单位炫耀一番后,买L7的同事后悔不已.X828的屏幕相当夺目,色彩艳丽,细腻.可以和高亮液晶显示器媲美了.随机附带的耳机也不错,上面有made in china 字样.播放MP3音色饱满.层次清晰.用耳机接听电话声音特别清楚.特别要提到的是:中文词组输入,很方便.连""麦当劳,肯德基""这样的词汇都有,后来发现,在中文输入状态下,长按数字键就会输入数字,这点相当满意. 长按#键,出现符号输入菜单,还可以输入""回车"",这方面sumsung的设计很到位.拍照片功能强大,我用800*600象素拍的人像照片还比较满意.摄像功能也很好.支持长时间拍摄.由于功能太多,本人喜欢单反相机,所以手机上的功能还没有仔细研究.支持办公文档的查看功能也不错.令我喜出望外.还有用usb线的传输速度也比较快,比同事的快很多,很多人反映手机传输速度慢.X828这点很满意."
26053,jd,domestic,JD.com,水果,水果,,negative,,拿出两个，一个坏心。是苹果坏了，还是心坏了?
16163,jd,domestic,JD.com,手机,手机,,negative,,待机时间短，又常死关机。
32259,jd,domestic,JD.com,洗发水,洗发水,,negative,,假的，洗了第二天就头痒，而且痒得不行居然还有头屑了，气死了气死了气死了。。关键是以前一直用都好好的，第一次在京东上买就遇到无良店家，气死我了，建议千万不要买，不是黑店家的，我是实实在在的客户。哎，这么长时间的网购第一次差评。其他得过且过也就算了。这次是真忍不了，确实太过分了。
16167,jd,domestic,JD.com,手机,手机,,negative,,软件的反应速度偏慢，唉，想想BenQ做硬件出身的，软件方面不擅长。语音留言还有BenQ部落都的功能都有具体到专键，不能自定义。。这个不太合我的使用习惯
45661,jd,domestic,JD.com,衣服,衣服,,negative,,渣渣 ，裤脚 太大。不给换。
50125,jd,domestic,JD.com,计算机,计算机,,positive,,白色的本本，既小巧又漂亮。续航时间够长，在外面待一天也不用担心电源问题。当初买这款本本，主要是看中这一点。运行速度也不错，足够应付一般的办公需求了。
45438,jd,domestic,JD.com,衣服,衣服,,negative,,最不开心的一次网购
31133,jd,domestic,JD.com,洗发水,洗发水,,positive,,还没用，感觉不错。保质期要到2020年了。
49133,jd,domestic,JD.com,计算机,计算机,,positive,,外观漂亮，做工精致，键盘用起来舒服，没有太大的拘束感．女孩子用还是很不错的．它的尺寸个人认为并不影响使用．反倒是携带方便．同类商品中做工最好的一个，不过价格也是最贵的．
15379,jd,domestic,JD.com,手机,手机,,negative,,"输入法太慢,拍照反应慢,有许多MP3不能播放,强烈不满:电话本库存不下没有提示,甚至把我所有客户号码,短消息自动清零,因为我没有备份,导致我损失惨重,赔我!"
50766,jd,domestic,JD.com,计算机,计算机,,positive,,屏幕 做工 都可以 价格公道 用pe装的雨林木风的系统 重启时引导出了点问题 送的光盘里有驱动和程序 装上快捷键就能用了
25837,jd,domestic,JD.com,水果,水果,,negative,,买过京东红心火龙果三次了 前两次的火龙果都很满意 但这次寄来的两个火龙果 现在吃了一个 居然是酸的！吃了这么久的火龙果从没吃到过酸的火龙果。火龙果外表看上去好的 但内部应该是烂了！
16025,jd,domestic,JD.com,手机,手机,,negative,,信号比较差，所以导致通话质量不高。
9520,jd,domestic,JD.com,平板,平板,,negative,,差评，才用一周，屏幕自己裂开
21985,jd,domestic,JD.com,水果,水果,,negative,,商品令人汗颜。看到这样的火龙果，无语。快递员很不错，给五星。
49090,jd,domestic,JD.com,计算机,计算机,,positive,,外观设置的漂亮，音质不错，看电影挺爽的，键盘不错，vista系统正在努力探索中
45236,jd,domestic,JD.com,衣服,衣服,,negative,,一星都算多的，说好的弹力，你来告诉我弹力在那，穿在腿上紧绷绷的，一点弹力都没有，大家买的时候多注意，别被骗了！
51760,jd,domestic,JD.com,计算机,计算机,,negative,,LCD屏颜色发白，而且在点亮和全黑转换过程中，会出现大片横向的线，不知道是否质量问题？还是这款机器就这样？
39284,jd,domestic,JD.com,衣服,衣服,,positive,,"质量非常好，非常满意,真的很喜欢，发货速度非常快，包装非常仔细、严实，物流公司服务态度很好"
50848,jd,domestic,JD.com,计算机,计算机,,negative,,不能装锁、光驱读盘能力不算太好、圆通快递太离谱，到货无通知，直接给公司保安，等我见到?时纸箱包装已被拆开过。建议京东每单多给圆通两毛电话费！
49960,jd,domestic,JD.com,计算机,计算机,,positive,,价格实惠，配置还行了呵呵，装了VISTA SP2得分3.2！散热啊，比想象的好！一直45-49！没玩游戏
6314,jd,domestic,JD.com,平板,平板,,positive,,平板除了声卡在下边关机键在侧边这两个位置很别扭输入有点差，其他的值得信赖
29440,jd,domestic,JD.com,洗发水,洗发水,,positive,,收到就用了，洗了头发很顺滑很水润，不掉发，一直都在京东买洗护，很划算
14135,jd,domestic,JD.com,手机,手机,,positive,,今天收到手机了，我是通过网站邮购的。我买的是珍珠白的，比网络上的图片要漂亮一些，很喜欢。过程虽然有点漫长，但等待还是值得的！显示屏颜色比我预想的好一些，把对比度调好，还是挺鲜艳的。当然，4096色的STN是没法和三星的TFT真彩相提并论，不是一个档次的不能拿来对比。输入法也还满方便，如果习惯了应该可以更快一些。符号输入也很方便。另外一些功能也不错：英汉汉英词典功能很实用；计算器比较直观也容易使用，有开根号等其他手机计算器所没有的计算内容；闹钟有4个，早上喜欢赖床的JM们不怕错过班车了。
49315,jd,domestic,JD.com,计算机,计算机,,positive,,配置比较超值，发热量比我用的联想E390小（CPU待机40度、最高71度；GPU45度、最高70度），风扇声音也不大，而且不经常高速运转，3dmark06：27XX分，在4K以内的机器中还没见过，接电视播放1080P基本流畅（硬解cpu占用率没超过40%）。做工说不上精细但也还没什么发现什么缺陷，操作系统安装顺利，附带DVD中有全套XP、VISTA驱动。
